user_id,segment_id,segment_name,lifecycle_stage,lifecycle_day,day_offset,notif_1_template_id,notif_1_time,notif_1_channel,notif_2_template_id,notif_2_time,notif_2_channel,notif_3_template_id,notif_3_time,notif_3_channel,notif_4_template_id,notif_4_time,notif_4_channel
U0000,0,Ecommerce Needs Attention,trial,D46,0,TPL_0070,08:00,push,TPL_0062,09:30,push,TPL_0068,06:15,push,TPL_0067,09:00,push
U0000,0,Ecommerce Needs Attention,trial,D47,1,TPL_0097,08:00,push,TPL_0098,11:45,push,TPL_0096,06:00,push,TPL_0093,09:15,push
U0000,0,Ecommerce Needs Attention,trial,D48,2,TPL_0100,06:00,push,TPL_0096,11:15,push,TPL_0095,08:45,push,TPL_0093,09:45,push
U0000,0,Ecommerce Needs Attention,trial,D49,3,TPL_0089,08:30,push,TPL_0087,09:15,push,TPL_0090,08:45,push,TPL_0088,10:30,push
U0000,0,Ecommerce Needs Attention,trial,D50,4,TPL_0081,06:15,push,TPL_0087,10:00,push,TPL_0089,06:45,push,TPL_0083,09:30,push
U0000,0,Ecommerce Needs Attention,trial,D51,5,TPL_0082,07:30,push,TPL_0090,09:45,push,TPL_0088,08:00,push,TPL_0083,10:00,push
U0000,0,Ecommerce Needs Attention,trial,D52,6,TPL_0079,08:30,push,TPL_0080,11:30,push,TPL_0077,08:15,push,TPL_0071,11:00,push
U0001,0,Ecommerce Needs Attention,inactive,D11,0,TPL_0019,06:15,push,TPL_0020,10:00,push,TPL_0013,06:00,push,TPL_0016,10:30,push
U0001,0,Ecommerce Needs Attention,inactive,D12,1,TPL_0018,07:30,push,TPL_0017,09:30,push,TPL_0016,07:15,push,TPL_0013,11:30,push
U0001,0,Ecommerce Needs Attention,inactive,D13,2,TPL_0013,08:00,push,TPL_0019,11:15,push,TPL_0012,08:15,push,TPL_0014,09:45,push
U0001,0,Ecommerce Needs Attention,inactive,D14,3,TPL_0016,07:30,push,TPL_0019,11:15,push,TPL_0013,08:30,push,TPL_0011,09:15,push
U0001,0,Ecommerce Needs Attention,inactive,D15,4,TPL_0014,06:30,push,TPL_0015,10:30,push,TPL_0017,06:15,push,TPL_0013,11:30,push
U0001,0,Ecommerce Needs Attention,inactive,D16,5,TPL_0018,06:45,push,TPL_0016,10:45,push,TPL_0014,06:30,push,TPL_0011,09:15,push
U0001,0,Ecommerce Needs Attention,inactive,D17,6,TPL_0020,08:30,push,TPL_0013,11:45,push,TPL_0012,08:45,push,TPL_0018,10:15,push
U0002,0,Ecommerce Needs Attention,paid,D61,0,TPL_0055,06:45,push,TPL_0060,09:00,push,TPL_0057,06:15,push,TPL_0058,11:15,push
U0002,0,Ecommerce Needs Attention,paid,D62,1,TPL_0053,08:45,push,TPL_0054,11:00,push,TPL_0055,07:45,push,TPL_0060,11:45,push
U0002,0,Ecommerce Needs Attention,paid,D63,2,TPL_0053,08:30,push,TPL_0055,11:00,push,TPL_0057,08:00,push,TPL_0059,11:30,push
U0002,0,Ecommerce Needs Attention,paid,D64,3,TPL_0056,08:30,push,TPL_0053,09:30,push,TPL_0051,07:15,push,TPL_0060,10:00,push
U0002,0,Ecommerce Needs Attention,paid,D65,4,TPL_0059,08:30,push,TPL_0060,11:15,push,TPL_0055,08:00,push,TPL_0054,11:30,push
U0002,0,Ecommerce Needs Attention,paid,D66,5,TPL_0057,08:15,push,TPL_0051,09:30,push,TPL_0052,06:00,push,TPL_0059,11:30,push
U0002,0,Ecommerce Needs Attention,paid,D67,6,TPL_0059,07:00,push,TPL_0056,09:30,push,TPL_0053,07:15,push,TPL_0054,09:15,push
U0003,2,Ecommerce Social Engagers,paid,D79,0,TPL_0260,14:00,push,TPL_0252,21:45,push,,,,,,
U0003,2,Ecommerce Social Engagers,paid,D80,1,TPL_0255,12:15,push,TPL_0251,21:45,push,,,,,,
U0003,2,Ecommerce Social Engagers,paid,D81,2,TPL_0251,14:15,push,TPL_0255,22:45,push,,,,,,
U0003,2,Ecommerce Social Engagers,paid,D82,3,TPL_0259,12:15,push,TPL_0254,23:30,push,,,,,,
U0003,2,Ecommerce Social Engagers,paid,D83,4,TPL_0252,13:30,push,TPL_0257,22:45,push,,,,,,
U0003,2,Ecommerce Social Engagers,paid,D84,5,TPL_0254,12:15,push,TPL_0259,21:00,push,,,,,,
U0003,2,Ecommerce Social Engagers,paid,D85,6,TPL_0254,13:00,push,TPL_0255,23:15,push,,,,,,
U0004,3,Ecommerce Segment 3,trial,D87,0,TPL_0369,17:15,push,TPL_0364,06:00,push,TPL_0362,17:00,push,TPL_0361,06:00,push
U0004,3,Ecommerce Segment 3,trial,D88,1,TPL_0394,15:30,push,TPL_0393,06:15,push,TPL_0392,16:45,push,TPL_0400,06:15,push
U0004,3,Ecommerce Segment 3,trial,D89,2,TPL_0392,17:45,push,TPL_0395,06:45,push,TPL_0391,16:15,push,TPL_0399,06:00,push
U0004,3,Ecommerce Segment 3,trial,D90,3,TPL_0389,17:45,push,TPL_0382,07:45,push,TPL_0383,16:45,push,TPL_0386,08:00,push
U0004,3,Ecommerce Segment 3,trial,D91,4,TPL_0385,17:00,push,TPL_0387,06:45,push,TPL_0381,17:30,push,TPL_0383,06:15,push
U0004,3,Ecommerce Segment 3,trial,D92,5,TPL_0384,15:15,push,TPL_0382,08:45,push,TPL_0388,15:45,push,TPL_0386,06:30,push
U0004,3,Ecommerce Segment 3,trial,D93,6,TPL_0378,16:15,push,TPL_0379,06:45,push,TPL_0377,17:00,push,TPL_0372,06:00,push
U0005,2,Ecommerce Social Engagers,trial,D82,0,TPL_0269,12:15,push,TPL_0263,21:45,push,,,,,,
U0005,2,Ecommerce Social Engagers,trial,D83,1,TPL_0298,13:45,push,TPL_0295,21:45,push,,,,,,
U0005,2,Ecommerce Social Engagers,trial,D84,2,TPL_0298,12:15,push,TPL_0291,22:00,push,,,,,,
U0005,2,Ecommerce Social Engagers,trial,D85,3,TPL_0281,13:30,push,TPL_0290,22:30,push,,,,,,
U0005,2,Ecommerce Social Engagers,trial,D86,4,TPL_0286,13:45,push,TPL_0289,21:15,push,,,,,,
U0005,2,Ecommerce Social Engagers,trial,D87,5,TPL_0285,13:15,push,TPL_0287,21:00,push,,,,,,
U0005,2,Ecommerce Social Engagers,trial,D88,6,TPL_0271,14:30,push,TPL_0276,21:00,push,,,,,,
U0006,2,Ecommerce Social Engagers,trial,D7,0,TPL_0267,14:45,push,TPL_0268,23:15,push,,,,,,
U0006,2,Ecommerce Social Engagers,trial,D8,1,TPL_0295,12:00,push,TPL_0297,21:00,push,,,,,,
U0006,2,Ecommerce Social Engagers,trial,D9,2,TPL_0296,14:00,push,TPL_0298,23:15,push,,,,,,
U0006,2,Ecommerce Social Engagers,trial,D10,3,TPL_0281,13:00,push,TPL_0284,23:15,push,,,,,,
U0006,2,Ecommerce Social Engagers,trial,D11,4,TPL_0282,14:00,push,TPL_0283,23:00,push,,,,,,
U0006,2,Ecommerce Social Engagers,trial,D12,5,TPL_0283,13:30,push,TPL_0284,22:15,push,,,,,,
U0006,2,Ecommerce Social Engagers,trial,D13,6,TPL_0271,14:30,push,TPL_0276,21:30,push,,,,,,
U0007,0,Ecommerce Needs Attention,churned,D20,0,TPL_0009,07:15,push,TPL_0006,11:30,push,TPL_0010,07:30,push,TPL_0005,09:00,push
U0007,0,Ecommerce Needs Attention,churned,D21,1,TPL_0006,07:00,push,TPL_0010,09:15,push,TPL_0008,08:30,push,TPL_0002,09:30,push
U0007,0,Ecommerce Needs Attention,churned,D22,2,TPL_0004,06:15,push,TPL_0001,10:30,push,TPL_0007,06:45,push,TPL_0009,11:30,push
U0007,0,Ecommerce Needs Attention,churned,D23,3,TPL_0002,08:00,push,TPL_0006,11:30,push,TPL_0005,08:00,push,TPL_0003,09:30,push
U0007,0,Ecommerce Needs Attention,churned,D24,4,TPL_0002,06:00,push,TPL_0004,11:15,push,TPL_0007,07:30,push,TPL_0001,11:15,push
U0007,0,Ecommerce Needs Attention,churned,D25,5,TPL_0002,08:30,push,TPL_0006,09:30,push,TPL_0001,08:45,push,TPL_0010,10:00,push
U0007,0,Ecommerce Needs Attention,churned,D26,6,TPL_0004,06:45,push,TPL_0007,10:00,push,TPL_0001,06:30,push,TPL_0005,09:30,push
U0008,3,Ecommerce Segment 3,paid,D80,0,TPL_0360,15:45,push,TPL_0354,08:45,push,TPL_0352,17:00,push,TPL_0356,06:00,push
U0008,3,Ecommerce Segment 3,paid,D81,1,TPL_0357,17:15,push,TPL_0351,08:00,push,TPL_0356,16:15,push,TPL_0355,07:15,push
U0008,3,Ecommerce Segment 3,paid,D82,2,TPL_0351,15:30,push,TPL_0358,07:00,push,TPL_0352,16:15,push,TPL_0357,08:15,push
U0008,3,Ecommerce Segment 3,paid,D83,3,TPL_0357,17:00,push,TPL_0354,07:45,push,TPL_0353,17:15,push,TPL_0351,06:15,push
U0008,3,Ecommerce Segment 3,paid,D84,4,TPL_0360,15:45,push,TPL_0359,06:15,push,TPL_0353,17:30,push,TPL_0358,07:15,push
U0008,3,Ecommerce Segment 3,paid,D85,5,TPL_0359,16:15,push,TPL_0354,08:00,push,TPL_0358,16:00,push,TPL_0355,07:15,push
U0008,3,Ecommerce Segment 3,paid,D86,6,TPL_0354,15:45,push,TPL_0353,07:30,push,TPL_0356,15:15,push,TPL_0355,06:15,push
U0009,0,Ecommerce Needs Attention,paid,D86,0,TPL_0055,07:30,push,TPL_0051,10:00,push,TPL_0059,07:30,push,TPL_0057,11:45,push
U0009,0,Ecommerce Needs Attention,paid,D87,1,TPL_0052,08:30,push,TPL_0059,09:00,push,TPL_0051,07:15,push,TPL_0056,11:30,push
U0009,0,Ecommerce Needs Attention,paid,D88,2,TPL_0057,06:00,push,TPL_0056,11:45,push,TPL_0053,07:30,push,TPL_0054,10:00,push
U0009,0,Ecommerce Needs Attention,paid,D89,3,TPL_0052,07:15,push,TPL_0059,10:00,push,TPL_0058,08:45,push,TPL_0053,09:15,push
U0009,0,Ecommerce Needs Attention,paid,D90,4,TPL_0060,07:45,push,TPL_0059,09:30,push,TPL_0056,08:30,push,TPL_0053,11:00,push
U0009,0,Ecommerce Needs Attention,paid,D91,5,TPL_0055,08:30,push,TPL_0056,11:30,push,TPL_0059,08:45,push,TPL_0052,10:45,push
U0009,0,Ecommerce Needs Attention,paid,D92,6,TPL_0059,08:30,push,TPL_0053,11:15,push,TPL_0057,06:45,push,TPL_0055,11:45,push
U0010,0,Ecommerce Needs Attention,trial,D79,0,TPL_0064,08:15,push,TPL_0063,11:30,push,TPL_0068,07:00,push,TPL_0070,10:30,push
U0010,0,Ecommerce Needs Attention,trial,D80,1,TPL_0097,06:45,push,TPL_0094,11:30,push,TPL_0096,07:45,push,TPL_0093,10:15,push
U0010,0,Ecommerce Needs Attention,trial,D81,2,TPL_0097,08:45,push,TPL_0095,11:15,push,TPL_0094,08:00,push,TPL_0098,10:30,push
U0010,0,Ecommerce Needs Attention,trial,D82,3,TPL_0086,06:15,push,TPL_0088,11:30,push,TPL_0089,06:15,push,TPL_0090,09:00,push
U0010,0,Ecommerce Needs Attention,trial,D83,4,TPL_0088,06:15,push,TPL_0085,10:00,push,TPL_0081,07:45,push,TPL_0086,11:15,push
U0010,0,Ecommerce Needs Attention,trial,D84,5,TPL_0082,08:45,push,TPL_0086,10:45,push,TPL_0083,06:15,push,TPL_0089,11:00,push
U0010,0,Ecommerce Needs Attention,trial,D85,6,TPL_0080,06:45,push,TPL_0078,09:15,push,TPL_0071,08:45,push,TPL_0074,09:15,push
U0011,3,Ecommerce Segment 3,inactive,D69,0,TPL_0320,15:45,push,TPL_0318,06:45,push,TPL_0314,17:30,push,TPL_0316,07:45,push
U0011,3,Ecommerce Segment 3,inactive,D70,1,TPL_0317,17:45,push,TPL_0315,06:45,push,TPL_0312,16:30,push,TPL_0319,06:30,push
U0011,3,Ecommerce Segment 3,inactive,D71,2,TPL_0314,17:45,push,TPL_0312,08:15,push,TPL_0315,16:45,push,TPL_0317,06:30,push
U0011,3,Ecommerce Segment 3,inactive,D72,3,TPL_0311,15:30,push,TPL_0318,07:30,push,TPL_0320,17:00,push,TPL_0315,06:15,push
U0011,3,Ecommerce Segment 3,inactive,D73,4,TPL_0313,15:45,push,TPL_0311,08:15,push,TPL_0317,17:15,push,TPL_0314,06:45,push
U0011,3,Ecommerce Segment 3,inactive,D74,5,TPL_0318,16:30,push,TPL_0311,08:45,push,TPL_0313,16:00,push,TPL_0316,06:45,push
U0011,3,Ecommerce Segment 3,inactive,D75,6,TPL_0316,16:00,push,TPL_0315,08:45,push,TPL_0319,16:00,push,TPL_0313,07:30,push
U0012,3,Ecommerce Segment 3,churned,D71,0,TPL_0301,16:45,push,TPL_0309,08:15,push,TPL_0306,16:15,push,TPL_0304,07:45,push
U0012,3,Ecommerce Segment 3,churned,D72,1,TPL_0306,16:00,push,TPL_0302,07:30,push,TPL_0310,17:45,push,TPL_0304,08:15,push
U0012,3,Ecommerce Segment 3,churned,D73,2,TPL_0303,16:15,push,TPL_0302,08:00,push,TPL_0305,16:00,push,TPL_0306,06:45,push
U0012,3,Ecommerce Segment 3,churned,D74,3,TPL_0305,15:45,push,TPL_0304,06:00,push,TPL_0303,16:45,push,TPL_0301,07:15,push
U0012,3,Ecommerce Segment 3,churned,D75,4,TPL_0309,16:30,push,TPL_0301,07:45,push,TPL_0310,16:45,push,TPL_0307,07:00,push
U0012,3,Ecommerce Segment 3,churned,D76,5,TPL_0307,16:00,push,TPL_0304,08:00,push,TPL_0305,16:15,push,TPL_0309,08:00,push
U0012,3,Ecommerce Segment 3,churned,D77,6,TPL_0302,17:00,push,TPL_0304,06:15,push,TPL_0306,15:00,push,TPL_0308,08:15,push
U0013,2,Ecommerce Social Engagers,trial,D24,0,TPL_0269,12:15,push,TPL_0263,22:00,push,,,,,,
U0013,2,Ecommerce Social Engagers,trial,D25,1,TPL_0292,14:15,push,TPL_0296,22:30,push,,,,,,
U0013,2,Ecommerce Social Engagers,trial,D26,2,TPL_0292,13:15,push,TPL_0294,23:00,push,,,,,,
U0013,2,Ecommerce Social Engagers,trial,D27,3,TPL_0282,12:30,push,TPL_0289,21:00,push,,,,,,
U0013,2,Ecommerce Social Engagers,trial,D28,4,TPL_0282,13:45,push,TPL_0287,22:15,push,,,,,,
U0013,2,Ecommerce Social Engagers,trial,D29,5,TPL_0286,12:15,push,TPL_0285,21:30,push,,,,,,
U0013,2,Ecommerce Social Engagers,trial,D30,6,TPL_0271,14:00,push,TPL_0280,23:00,push,,,,,,
U0014,2,Ecommerce Social Engagers,trial,D81,0,TPL_0265,13:45,push,TPL_0262,23:30,push,,,,,,
U0014,2,Ecommerce Social Engagers,trial,D82,1,TPL_0294,12:30,push,TPL_0292,21:45,push,,,,,,
U0014,2,Ecommerce Social Engagers,trial,D83,2,TPL_0295,13:00,push,TPL_0293,22:30,push,,,,,,
U0014,2,Ecommerce Social Engagers,trial,D84,3,TPL_0287,14:45,push,TPL_0281,23:15,push,,,,,,
U0014,2,Ecommerce Social Engagers,trial,D85,4,TPL_0288,13:15,push,TPL_0284,23:30,push,,,,,,
U0014,2,Ecommerce Social Engagers,trial,D86,5,TPL_0283,14:45,push,TPL_0289,22:45,push,,,,,,
U0014,2,Ecommerce Social Engagers,trial,D87,6,TPL_0279,14:30,push,TPL_0275,22:15,push,,,,,,
U0015,0,Ecommerce Needs Attention,trial,D88,0,TPL_0070,06:30,push,TPL_0069,10:15,push,TPL_0068,07:45,push,TPL_0067,10:00,push
U0015,0,Ecommerce Needs Attention,trial,D89,1,TPL_0096,07:30,push,TPL_0097,09:45,push,TPL_0099,06:30,push,TPL_0100,10:30,push
U0015,0,Ecommerce Needs Attention,trial,D90,2,TPL_0095,07:30,push,TPL_0098,11:00,push,TPL_0100,08:15,push,TPL_0096,09:15,push
U0015,0,Ecommerce Needs Attention,trial,D91,3,TPL_0087,08:45,push,TPL_0085,10:15,push,TPL_0084,08:45,push,TPL_0089,11:45,push
U0015,0,Ecommerce Needs Attention,trial,D92,4,TPL_0086,07:00,push,TPL_0081,09:30,push,TPL_0084,06:45,push,TPL_0089,11:15,push
U0015,0,Ecommerce Needs Attention,trial,D93,5,TPL_0087,07:30,push,TPL_0085,10:30,push,TPL_0088,07:30,push,TPL_0082,10:45,push
U0015,0,Ecommerce Needs Attention,trial,D94,6,TPL_0074,07:30,push,TPL_0075,10:15,push,TPL_0073,06:15,push,TPL_0076,10:00,push
U0016,0,Ecommerce Needs Attention,trial,D11,0,TPL_0067,08:15,push,TPL_0064,09:15,push,TPL_0069,08:45,push,TPL_0061,10:30,push
U0016,0,Ecommerce Needs Attention,trial,D12,1,TPL_0093,06:15,push,TPL_0094,10:15,push,TPL_0099,07:15,push,TPL_0092,10:00,push
U0016,0,Ecommerce Needs Attention,trial,D13,2,TPL_0094,08:15,push,TPL_0092,10:00,push,TPL_0096,06:30,push,TPL_0098,11:15,push
U0016,0,Ecommerce Needs Attention,trial,D14,3,TPL_0086,08:45,push,TPL_0085,09:00,push,TPL_0082,08:30,push,TPL_0089,10:45,push
U0016,0,Ecommerce Needs Attention,trial,D15,4,TPL_0082,07:30,push,TPL_0085,09:00,push,TPL_0089,07:45,push,TPL_0088,09:00,push
U0016,0,Ecommerce Needs Attention,trial,D16,5,TPL_0084,07:45,push,TPL_0090,09:00,push,TPL_0089,06:15,push,TPL_0082,11:30,push
U0016,0,Ecommerce Needs Attention,trial,D17,6,TPL_0076,06:15,push,TPL_0072,09:45,push,TPL_0074,08:15,push,TPL_0071,11:45,push
U0017,2,Ecommerce Social Engagers,paid,D14,0,TPL_0251,13:45,push,TPL_0258,22:45,push,,,,,,
U0017,2,Ecommerce Social Engagers,paid,D15,1,TPL_0257,13:00,push,TPL_0260,23:00,push,,,,,,
U0017,2,Ecommerce Social Engagers,paid,D16,2,TPL_0251,12:15,push,TPL_0258,22:00,push,,,,,,
U0017,2,Ecommerce Social Engagers,paid,D17,3,TPL_0258,12:15,push,TPL_0253,21:00,push,,,,,,
U0017,2,Ecommerce Social Engagers,paid,D18,4,TPL_0260,12:00,push,TPL_0256,22:45,push,,,,,,
U0017,2,Ecommerce Social Engagers,paid,D19,5,TPL_0260,14:45,push,TPL_0253,22:00,push,,,,,,
U0017,2,Ecommerce Social Engagers,paid,D20,6,TPL_0258,12:30,push,TPL_0252,23:30,push,,,,,,
U0018,5,Ecommerce Social Engagers,paid,D58,0,TPL_0557,23:45,push,TPL_0558,12:15,push,TPL_0551,22:15,push,TPL_0559,13:00,push
U0018,5,Ecommerce Social Engagers,paid,D59,1,TPL_0557,23:15,push,TPL_0553,14:15,push,TPL_0555,22:15,push,TPL_0558,12:00,push
U0018,5,Ecommerce Social Engagers,paid,D60,2,TPL_0556,21:30,push,TPL_0551,14:30,push,TPL_0557,22:00,push,TPL_0560,13:30,push
U0018,5,Ecommerce Social Engagers,paid,D61,3,TPL_0559,23:45,push,TPL_0557,13:45,push,TPL_0558,22:00,push,TPL_0553,14:00,push
U0018,5,Ecommerce Social Engagers,paid,D62,4,TPL_0553,22:30,push,TPL_0558,14:30,push,TPL_0557,21:00,push,TPL_0556,12:00,push
U0018,5,Ecommerce Social Engagers,paid,D63,5,TPL_0557,23:30,push,TPL_0554,14:00,push,TPL_0553,21:45,push,TPL_0559,14:45,push
U0018,5,Ecommerce Social Engagers,paid,D64,6,TPL_0558,22:15,push,TPL_0555,14:45,push,TPL_0553,23:45,push,TPL_0556,12:45,push
U0019,0,Ecommerce Needs Attention,trial,D25,0,TPL_0065,07:45,push,TPL_0070,10:30,push,TPL_0063,08:00,push,TPL_0061,09:30,push
U0019,0,Ecommerce Needs Attention,trial,D26,1,TPL_0093,07:45,push,TPL_0091,10:45,push,TPL_0096,08:00,push,TPL_0098,10:00,push
U0019,0,Ecommerce Needs Attention,trial,D27,2,TPL_0098,07:30,push,TPL_0099,10:00,push,TPL_0093,07:00,push,TPL_0100,11:45,push
U0019,0,Ecommerce Needs Attention,trial,D28,3,TPL_0081,07:00,push,TPL_0086,09:30,push,TPL_0085,08:45,push,TPL_0087,11:45,push
U0019,0,Ecommerce Needs Attention,trial,D29,4,TPL_0082,06:15,push,TPL_0087,10:15,push,TPL_0088,07:45,push,TPL_0089,11:45,push
U0019,0,Ecommerce Needs Attention,trial,D30,5,TPL_0081,06:00,push,TPL_0085,11:15,push,TPL_0084,08:15,push,TPL_0082,10:00,push
U0019,0,Ecommerce Needs Attention,trial,D31,6,TPL_0080,08:45,push,TPL_0078,09:15,push,TPL_0077,06:45,push,TPL_0072,09:15,push
U0020,0,Ecommerce Needs Attention,paid,D25,0,TPL_0054,07:30,push,TPL_0056,11:30,push,TPL_0059,07:45,push,TPL_0051,10:15,push
U0020,0,Ecommerce Needs Attention,paid,D26,1,TPL_0056,07:15,push,TPL_0051,10:15,push,TPL_0055,08:15,push,TPL_0054,09:30,push
U0020,0,Ecommerce Needs Attention,paid,D27,2,TPL_0055,07:30,push,TPL_0056,11:30,push,TPL_0051,06:30,push,TPL_0058,11:30,push
U0020,0,Ecommerce Needs Attention,paid,D28,3,TPL_0057,08:45,push,TPL_0054,09:45,push,TPL_0060,08:45,push,TPL_0052,10:30,push
U0020,0,Ecommerce Needs Attention,paid,D29,4,TPL_0052,08:45,push,TPL_0057,10:30,push,TPL_0059,06:15,push,TPL_0056,11:45,push
U0020,0,Ecommerce Needs Attention,paid,D30,5,TPL_0051,06:45,push,TPL_0052,09:30,push,TPL_0053,08:45,push,TPL_0058,11:45,push
U0020,0,Ecommerce Needs Attention,paid,D31,6,TPL_0056,07:15,push,TPL_0051,10:00,push,TPL_0060,06:30,push,TPL_0057,09:45,push
U0021,0,Ecommerce Needs Attention,trial,D46,0,TPL_0069,06:45,push,TPL_0070,09:15,push,TPL_0067,07:15,push,TPL_0068,09:45,push
U0021,0,Ecommerce Needs Attention,trial,D47,1,TPL_0092,07:30,push,TPL_0097,11:45,push,TPL_0093,08:00,push,TPL_0098,10:45,push
U0021,0,Ecommerce Needs Attention,trial,D48,2,TPL_0094,07:45,push,TPL_0095,11:00,push,TPL_0097,08:00,push,TPL_0091,09:30,push
U0021,0,Ecommerce Needs Attention,trial,D49,3,TPL_0085,06:00,push,TPL_0081,10:00,push,TPL_0084,08:00,push,TPL_0090,10:15,push
U0021,0,Ecommerce Needs Attention,trial,D50,4,TPL_0083,08:30,push,TPL_0089,09:00,push,TPL_0086,07:00,push,TPL_0087,10:30,push
U0021,0,Ecommerce Needs Attention,trial,D51,5,TPL_0083,07:45,push,TPL_0089,09:15,push,TPL_0084,08:45,push,TPL_0087,11:15,push
U0021,0,Ecommerce Needs Attention,trial,D52,6,TPL_0079,06:15,push,TPL_0077,09:45,push,TPL_0076,08:15,push,TPL_0080,10:15,push
U0022,0,Ecommerce Needs Attention,trial,D31,0,TPL_0065,06:45,push,TPL_0068,11:30,push,TPL_0067,07:30,push,TPL_0070,11:00,push
U0022,0,Ecommerce Needs Attention,trial,D32,1,TPL_0091,07:30,push,TPL_0092,11:15,push,TPL_0095,06:45,push,TPL_0100,10:30,push
U0022,0,Ecommerce Needs Attention,trial,D33,2,TPL_0091,08:45,push,TPL_0092,11:30,push,TPL_0098,07:30,push,TPL_0096,09:45,push
U0022,0,Ecommerce Needs Attention,trial,D34,3,TPL_0088,07:00,push,TPL_0081,09:45,push,TPL_0087,08:30,push,TPL_0085,11:30,push
U0022,0,Ecommerce Needs Attention,trial,D35,4,TPL_0089,08:30,push,TPL_0090,09:45,push,TPL_0086,07:00,push,TPL_0083,11:00,push
U0022,0,Ecommerce Needs Attention,trial,D36,5,TPL_0090,08:45,push,TPL_0081,10:15,push,TPL_0083,08:30,push,TPL_0085,09:15,push
U0022,0,Ecommerce Needs Attention,trial,D37,6,TPL_0073,08:30,push,TPL_0077,11:15,push,TPL_0074,08:00,push,TPL_0078,11:00,push
U0023,2,Ecommerce Social Engagers,trial,D9,0,TPL_0265,13:45,push,TPL_0262,21:30,push,,,,,,
U0023,2,Ecommerce Social Engagers,trial,D10,1,TPL_0293,14:15,push,TPL_0294,21:30,push,,,,,,
U0023,2,Ecommerce Social Engagers,trial,D11,2,TPL_0294,13:45,push,TPL_0291,21:15,push,,,,,,
U0023,2,Ecommerce Social Engagers,trial,D12,3,TPL_0285,12:30,push,TPL_0284,23:30,push,,,,,,
U0023,2,Ecommerce Social Engagers,trial,D13,4,TPL_0286,12:30,push,TPL_0290,22:30,push,,,,,,
U0023,2,Ecommerce Social Engagers,trial,D14,5,TPL_0284,14:30,push,TPL_0288,21:45,push,,,,,,
U0023,2,Ecommerce Social Engagers,trial,D15,6,TPL_0275,12:15,push,TPL_0272,21:45,push,,,,,,
U0024,0,Ecommerce Needs Attention,paid,D15,0,TPL_0055,08:30,push,TPL_0054,09:45,push,TPL_0056,06:30,push,TPL_0060,11:00,push
U0024,0,Ecommerce Needs Attention,paid,D16,1,TPL_0051,07:30,push,TPL_0053,11:30,push,TPL_0055,08:45,push,TPL_0059,11:30,push
U0024,0,Ecommerce Needs Attention,paid,D17,2,TPL_0055,06:15,push,TPL_0060,10:00,push,TPL_0057,08:30,push,TPL_0056,11:15,push
U0024,0,Ecommerce Needs Attention,paid,D18,3,TPL_0055,08:00,push,TPL_0051,11:45,push,TPL_0057,08:30,push,TPL_0058,11:45,push
U0024,0,Ecommerce Needs Attention,paid,D19,4,TPL_0053,06:15,push,TPL_0051,09:00,push,TPL_0054,07:45,push,TPL_0052,09:00,push
U0024,0,Ecommerce Needs Attention,paid,D20,5,TPL_0060,06:15,push,TPL_0058,10:45,push,TPL_0055,07:45,push,TPL_0052,11:15,push
U0024,0,Ecommerce Needs Attention,paid,D21,6,TPL_0059,07:00,push,TPL_0055,10:45,push,TPL_0060,07:00,push,TPL_0054,11:30,push
U0025,0,Ecommerce Needs Attention,churned,D70,0,TPL_0002,06:45,push,TPL_0003,10:15,push,TPL_0007,07:00,push,TPL_0009,11:30,push
U0025,0,Ecommerce Needs Attention,churned,D71,1,TPL_0007,08:30,push,TPL_0002,09:45,push,TPL_0005,07:15,push,TPL_0004,09:45,push
U0025,0,Ecommerce Needs Attention,churned,D72,2,TPL_0010,06:15,push,TPL_0002,11:00,push,TPL_0008,06:30,push,TPL_0009,09:15,push
U0025,0,Ecommerce Needs Attention,churned,D73,3,TPL_0002,08:15,push,TPL_0003,09:15,push,TPL_0007,08:15,push,TPL_0010,09:30,push
U0025,0,Ecommerce Needs Attention,churned,D74,4,TPL_0004,06:00,push,TPL_0008,10:15,push,TPL_0006,06:30,push,TPL_0002,09:00,push
U0025,0,Ecommerce Needs Attention,churned,D75,5,TPL_0003,08:00,push,TPL_0001,09:00,push,TPL_0010,07:15,push,TPL_0004,11:30,push
U0025,0,Ecommerce Needs Attention,churned,D76,6,TPL_0003,06:15,push,TPL_0008,10:00,push,TPL_0006,06:45,push,TPL_0004,11:00,push
U0026,5,Ecommerce Social Engagers,trial,D16,0,TPL_0567,23:00,push,TPL_0566,13:45,push,TPL_0569,22:00,push,TPL_0562,13:15,push
U0026,5,Ecommerce Social Engagers,trial,D17,1,TPL_0592,23:00,push,TPL_0591,14:30,push,TPL_0594,22:00,push,TPL_0595,12:45,push
U0026,5,Ecommerce Social Engagers,trial,D18,2,TPL_0594,22:45,push,TPL_0591,14:00,push,TPL_0600,22:45,push,TPL_0597,12:00,push
U0026,5,Ecommerce Social Engagers,trial,D19,3,TPL_0587,22:15,push,TPL_0582,12:15,push,TPL_0590,22:30,push,TPL_0588,13:30,push
U0026,5,Ecommerce Social Engagers,trial,D20,4,TPL_0590,22:45,push,TPL_0581,12:00,push,TPL_0584,23:15,push,TPL_0589,13:45,push
U0026,5,Ecommerce Social Engagers,trial,D21,5,TPL_0585,21:45,push,TPL_0583,13:45,push,TPL_0581,22:45,push,TPL_0590,14:00,push
U0026,5,Ecommerce Social Engagers,trial,D22,6,TPL_0575,22:45,push,TPL_0580,13:30,push,TPL_0572,22:15,push,TPL_0573,14:45,push
U0027,0,Ecommerce Needs Attention,paid,D22,0,TPL_0056,06:00,push,TPL_0051,09:00,push,TPL_0054,07:00,push,TPL_0055,11:30,push
U0027,0,Ecommerce Needs Attention,paid,D23,1,TPL_0058,06:00,push,TPL_0054,11:30,push,TPL_0053,08:00,push,TPL_0056,10:30,push
U0027,0,Ecommerce Needs Attention,paid,D24,2,TPL_0058,08:45,push,TPL_0054,11:00,push,TPL_0057,07:30,push,TPL_0053,10:00,push
U0027,0,Ecommerce Needs Attention,paid,D25,3,TPL_0058,08:15,push,TPL_0052,09:45,push,TPL_0060,06:00,push,TPL_0053,10:30,push
U0027,0,Ecommerce Needs Attention,paid,D26,4,TPL_0056,06:30,push,TPL_0052,11:15,push,TPL_0058,07:00,push,TPL_0054,11:30,push
U0027,0,Ecommerce Needs Attention,paid,D27,5,TPL_0055,06:15,push,TPL_0051,10:30,push,TPL_0059,07:30,push,TPL_0054,09:15,push
U0027,0,Ecommerce Needs Attention,paid,D28,6,TPL_0059,06:45,push,TPL_0053,09:15,push,TPL_0055,08:00,push,TPL_0060,09:15,push
U0028,3,Ecommerce Segment 3,paid,D25,0,TPL_0358,16:45,push,TPL_0357,07:30,push,TPL_0353,15:30,push,TPL_0356,07:30,push
U0028,3,Ecommerce Segment 3,paid,D26,1,TPL_0353,17:00,push,TPL_0351,06:15,push,TPL_0354,15:00,push,TPL_0357,08:00,push
U0028,3,Ecommerce Segment 3,paid,D27,2,TPL_0353,16:45,push,TPL_0360,08:45,push,TPL_0355,16:45,push,TPL_0354,07:30,push
U0028,3,Ecommerce Segment 3,paid,D28,3,TPL_0359,15:00,push,TPL_0353,07:45,push,TPL_0356,15:30,push,TPL_0351,08:45,push
U0028,3,Ecommerce Segment 3,paid,D29,4,TPL_0359,17:30,push,TPL_0360,06:15,push,TPL_0357,16:00,push,TPL_0352,06:15,push
U0028,3,Ecommerce Segment 3,paid,D30,5,TPL_0357,16:15,push,TPL_0352,06:30,push,TPL_0356,16:30,push,TPL_0351,06:00,push
U0028,3,Ecommerce Segment 3,paid,D31,6,TPL_0356,16:45,push,TPL_0353,06:15,push,TPL_0360,16:15,push,TPL_0358,08:30,push
U0029,0,Ecommerce Needs Attention,trial,D84,0,TPL_0070,06:45,push,TPL_0069,11:00,push,TPL_0064,07:00,push,TPL_0068,10:00,push
U0029,0,Ecommerce Needs Attention,trial,D85,1,TPL_0092,07:45,push,TPL_0095,11:45,push,TPL_0094,08:45,push,TPL_0093,10:00,push
U0029,0,Ecommerce Needs Attention,trial,D86,2,TPL_0093,07:00,push,TPL_0098,10:15,push,TPL_0096,08:45,push,TPL_0092,11:30,push
U0029,0,Ecommerce Needs Attention,trial,D87,3,TPL_0088,06:45,push,TPL_0083,09:15,push,TPL_0082,07:45,push,TPL_0090,11:00,push
U0029,0,Ecommerce Needs Attention,trial,D88,4,TPL_0084,07:30,push,TPL_0087,11:30,push,TPL_0090,06:30,push,TPL_0082,09:00,push
U0029,0,Ecommerce Needs Attention,trial,D89,5,TPL_0086,08:00,push,TPL_0084,11:15,push,TPL_0083,07:30,push,TPL_0082,11:15,push
U0029,0,Ecommerce Needs Attention,trial,D90,6,TPL_0079,06:00,push,TPL_0075,09:30,push,TPL_0073,06:15,push,TPL_0077,11:15,push
U0030,5,Ecommerce Social Engagers,paid,D85,0,TPL_0554,23:00,push,TPL_0560,12:45,push,TPL_0558,22:45,push,TPL_0553,14:30,push
U0030,5,Ecommerce Social Engagers,paid,D86,1,TPL_0554,23:30,push,TPL_0551,12:45,push,TPL_0560,21:45,push,TPL_0557,13:30,push
U0030,5,Ecommerce Social Engagers,paid,D87,2,TPL_0559,22:00,push,TPL_0556,13:00,push,TPL_0555,22:45,push,TPL_0552,13:00,push
U0030,5,Ecommerce Social Engagers,paid,D88,3,TPL_0558,21:30,push,TPL_0557,13:00,push,TPL_0560,23:00,push,TPL_0554,14:45,push
U0030,5,Ecommerce Social Engagers,paid,D89,4,TPL_0559,22:00,push,TPL_0558,13:15,push,TPL_0557,22:45,push,TPL_0552,14:15,push
U0030,5,Ecommerce Social Engagers,paid,D90,5,TPL_0559,21:45,push,TPL_0560,12:30,push,TPL_0553,23:00,push,TPL_0558,14:15,push
U0030,5,Ecommerce Social Engagers,paid,D91,6,TPL_0560,21:15,push,TPL_0557,14:45,push,TPL_0553,22:15,push,TPL_0558,13:30,push
U0031,0,Ecommerce Needs Attention,trial,D6,0,TPL_0065,07:45,push,TPL_0068,10:30,push,TPL_0063,08:00,push,TPL_0070,11:30,push
U0031,0,Ecommerce Needs Attention,trial,D7,1,TPL_0100,06:30,push,TPL_0097,09:45,push,TPL_0098,07:30,push,TPL_0092,11:15,push
U0031,0,Ecommerce Needs Attention,trial,D8,2,TPL_0093,07:00,push,TPL_0099,11:15,push,TPL_0097,07:30,push,TPL_0100,11:45,push
U0031,0,Ecommerce Needs Attention,trial,D9,3,TPL_0088,06:00,push,TPL_0089,10:45,push,TPL_0084,08:30,push,TPL_0087,09:00,push
U0031,0,Ecommerce Needs Attention,trial,D10,4,TPL_0088,08:45,push,TPL_0083,11:30,push,TPL_0082,06:30,push,TPL_0087,10:15,push
U0031,0,Ecommerce Needs Attention,trial,D11,5,TPL_0082,06:30,push,TPL_0089,10:15,push,TPL_0088,06:15,push,TPL_0084,09:00,push
U0031,0,Ecommerce Needs Attention,trial,D12,6,TPL_0079,07:00,push,TPL_0075,11:00,push,TPL_0080,08:30,push,TPL_0071,11:15,push
U0032,0,Ecommerce Needs Attention,trial,D13,0,TPL_0065,08:45,push,TPL_0063,09:15,push,TPL_0062,06:15,push,TPL_0067,11:45,push
U0032,0,Ecommerce Needs Attention,trial,D14,1,TPL_0091,06:45,push,TPL_0097,10:15,push,TPL_0100,07:30,push,TPL_0096,11:45,push
U0032,0,Ecommerce Needs Attention,trial,D15,2,TPL_0096,06:15,push,TPL_0091,10:45,push,TPL_0099,06:30,push,TPL_0092,11:45,push
U0032,0,Ecommerce Needs Attention,trial,D16,3,TPL_0087,07:30,push,TPL_0084,10:45,push,TPL_0082,06:15,push,TPL_0089,11:15,push
U0032,0,Ecommerce Needs Attention,trial,D17,4,TPL_0085,07:00,push,TPL_0087,11:45,push,TPL_0089,07:00,push,TPL_0088,11:00,push
U0032,0,Ecommerce Needs Attention,trial,D18,5,TPL_0089,07:00,push,TPL_0087,09:30,push,TPL_0086,07:15,push,TPL_0084,10:00,push
U0032,0,Ecommerce Needs Attention,trial,D19,6,TPL_0076,06:45,push,TPL_0072,10:00,push,TPL_0079,07:00,push,TPL_0080,10:30,push
U0033,3,Ecommerce Segment 3,inactive,D78,0,TPL_0320,15:45,push,TPL_0319,06:30,push,TPL_0316,15:00,push,TPL_0317,07:00,push
U0033,3,Ecommerce Segment 3,inactive,D79,1,TPL_0312,17:30,push,TPL_0317,06:15,push,TPL_0319,15:30,push,TPL_0318,07:15,push
U0033,3,Ecommerce Segment 3,inactive,D80,2,TPL_0316,17:45,push,TPL_0317,07:00,push,TPL_0315,15:00,push,TPL_0320,07:15,push
U0033,3,Ecommerce Segment 3,inactive,D81,3,TPL_0315,15:45,push,TPL_0318,06:30,push,TPL_0311,15:30,push,TPL_0317,06:00,push
U0033,3,Ecommerce Segment 3,inactive,D82,4,TPL_0319,15:45,push,TPL_0311,08:45,push,TPL_0317,15:00,push,TPL_0318,07:00,push
U0033,3,Ecommerce Segment 3,inactive,D83,5,TPL_0311,17:15,push,TPL_0312,08:15,push,TPL_0319,16:45,push,TPL_0317,06:30,push
U0033,3,Ecommerce Segment 3,inactive,D84,6,TPL_0311,15:45,push,TPL_0314,06:00,push,TPL_0317,17:30,push,TPL_0313,06:00,push
U0034,2,Ecommerce Social Engagers,inactive,D6,0,TPL_0214,13:45,push,TPL_0211,21:45,push,,,,,,
U0034,2,Ecommerce Social Engagers,inactive,D7,1,TPL_0219,13:30,push,TPL_0212,23:00,push,,,,,,
U0034,2,Ecommerce Social Engagers,inactive,D8,2,TPL_0212,13:00,push,TPL_0213,22:15,push,,,,,,
U0034,2,Ecommerce Social Engagers,inactive,D9,3,TPL_0215,14:00,push,TPL_0217,23:30,push,,,,,,
U0034,2,Ecommerce Social Engagers,inactive,D10,4,TPL_0216,12:00,push,TPL_0218,22:30,push,,,,,,
U0034,2,Ecommerce Social Engagers,inactive,D11,5,TPL_0215,14:15,push,TPL_0211,23:45,push,,,,,,
U0034,2,Ecommerce Social Engagers,inactive,D12,6,TPL_0212,14:45,push,TPL_0217,23:15,push,,,,,,
U0035,0,Ecommerce Needs Attention,churned,D8,0,TPL_0004,06:00,push,TPL_0009,11:45,push,TPL_0002,06:30,push,TPL_0003,09:00,push
U0035,0,Ecommerce Needs Attention,churned,D9,1,TPL_0009,06:00,push,TPL_0004,10:30,push,TPL_0007,08:45,push,TPL_0006,11:45,push
U0035,0,Ecommerce Needs Attention,churned,D10,2,TPL_0010,07:00,push,TPL_0002,11:15,push,TPL_0001,07:30,push,TPL_0004,09:30,push
U0035,0,Ecommerce Needs Attention,churned,D11,3,TPL_0008,07:00,push,TPL_0002,10:45,push,TPL_0007,07:45,push,TPL_0004,10:30,push
U0035,0,Ecommerce Needs Attention,churned,D12,4,TPL_0009,06:45,push,TPL_0001,11:45,push,TPL_0004,07:30,push,TPL_0008,09:45,push
U0035,0,Ecommerce Needs Attention,churned,D13,5,TPL_0010,06:45,push,TPL_0005,11:15,push,TPL_0004,08:30,push,TPL_0001,10:00,push
U0035,0,Ecommerce Needs Attention,churned,D14,6,TPL_0001,06:30,push,TPL_0002,11:30,push,TPL_0007,07:45,push,TPL_0009,11:45,push
U0036,0,Ecommerce Needs Attention,trial,D47,0,TPL_0068,06:45,push,TPL_0062,10:45,push,TPL_0069,06:30,push,TPL_0070,11:45,push
U0036,0,Ecommerce Needs Attention,trial,D48,1,TPL_0097,07:00,push,TPL_0092,09:45,push,TPL_0093,07:15,push,TPL_0098,09:15,push
U0036,0,Ecommerce Needs Attention,trial,D49,2,TPL_0098,08:45,push,TPL_0092,09:15,push,TPL_0091,06:15,push,TPL_0099,11:30,push
U0036,0,Ecommerce Needs Attention,trial,D50,3,TPL_0083,07:45,push,TPL_0088,11:00,push,TPL_0085,08:15,push,TPL_0090,11:45,push
U0036,0,Ecommerce Needs Attention,trial,D51,4,TPL_0084,07:30,push,TPL_0086,10:00,push,TPL_0085,08:15,push,TPL_0090,11:30,push
U0036,0,Ecommerce Needs Attention,trial,D52,5,TPL_0087,07:30,push,TPL_0082,11:30,push,TPL_0083,06:00,push,TPL_0085,09:15,push
U0036,0,Ecommerce Needs Attention,trial,D53,6,TPL_0079,07:45,push,TPL_0076,11:00,push,TPL_0077,07:30,push,TPL_0080,11:45,push
U0037,5,Ecommerce Social Engagers,trial,D71,0,TPL_0568,21:30,push,TPL_0564,14:45,push,TPL_0570,21:00,push,TPL_0567,12:00,push
U0037,5,Ecommerce Social Engagers,trial,D72,1,TPL_0596,22:15,push,TPL_0592,14:45,push,TPL_0595,21:30,push,TPL_0593,14:30,push
U0037,5,Ecommerce Social Engagers,trial,D73,2,TPL_0600,23:00,push,TPL_0598,14:30,push,TPL_0597,22:15,push,TPL_0594,14:15,push
U0037,5,Ecommerce Social Engagers,trial,D74,3,TPL_0581,22:15,push,TPL_0583,12:15,push,TPL_0588,21:15,push,TPL_0590,13:00,push
U0037,5,Ecommerce Social Engagers,trial,D75,4,TPL_0583,22:30,push,TPL_0588,13:15,push,TPL_0585,23:00,push,TPL_0582,12:30,push
U0037,5,Ecommerce Social Engagers,trial,D76,5,TPL_0582,22:45,push,TPL_0586,14:45,push,TPL_0584,22:00,push,TPL_0581,12:30,push
U0037,5,Ecommerce Social Engagers,trial,D77,6,TPL_0574,23:00,push,TPL_0578,13:45,push,TPL_0571,23:30,push,TPL_0572,12:15,push
U0038,5,Ecommerce Social Engagers,paid,D58,0,TPL_0551,21:45,push,TPL_0555,14:00,push,TPL_0560,21:15,push,TPL_0559,13:15,push
U0038,5,Ecommerce Social Engagers,paid,D59,1,TPL_0553,21:30,push,TPL_0560,14:15,push,TPL_0551,22:30,push,TPL_0559,12:30,push
U0038,5,Ecommerce Social Engagers,paid,D60,2,TPL_0558,21:30,push,TPL_0552,12:30,push,TPL_0559,23:00,push,TPL_0557,14:15,push
U0038,5,Ecommerce Social Engagers,paid,D61,3,TPL_0552,23:15,push,TPL_0559,12:30,push,TPL_0557,23:00,push,TPL_0555,12:00,push
U0038,5,Ecommerce Social Engagers,paid,D62,4,TPL_0560,21:30,push,TPL_0557,14:15,push,TPL_0555,23:45,push,TPL_0551,14:00,push
U0038,5,Ecommerce Social Engagers,paid,D63,5,TPL_0560,22:30,push,TPL_0555,14:30,push,TPL_0559,22:15,push,TPL_0554,14:45,push
U0038,5,Ecommerce Social Engagers,paid,D64,6,TPL_0559,22:45,push,TPL_0552,12:00,push,TPL_0557,21:45,push,TPL_0560,13:45,push
U0039,0,Ecommerce Needs Attention,paid,D86,0,TPL_0056,07:15,push,TPL_0059,10:15,push,TPL_0060,07:30,push,TPL_0054,11:30,push
U0039,0,Ecommerce Needs Attention,paid,D87,1,TPL_0060,07:15,push,TPL_0059,10:00,push,TPL_0057,07:15,push,TPL_0054,10:00,push
U0039,0,Ecommerce Needs Attention,paid,D88,2,TPL_0056,07:45,push,TPL_0051,09:15,push,TPL_0053,06:00,push,TPL_0052,10:45,push
U0039,0,Ecommerce Needs Attention,paid,D89,3,TPL_0056,08:45,push,TPL_0052,09:15,push,TPL_0058,07:30,push,TPL_0060,09:15,push
U0039,0,Ecommerce Needs Attention,paid,D90,4,TPL_0059,07:45,push,TPL_0051,10:30,push,TPL_0055,07:00,push,TPL_0054,09:45,push
U0039,0,Ecommerce Needs Attention,paid,D91,5,TPL_0058,08:45,push,TPL_0057,09:15,push,TPL_0052,08:30,push,TPL_0056,09:00,push
U0039,0,Ecommerce Needs Attention,paid,D92,6,TPL_0052,07:45,push,TPL_0055,11:45,push,TPL_0056,07:00,push,TPL_0054,09:45,push
U0040,2,Ecommerce Social Engagers,trial,D81,0,TPL_0261,12:30,push,TPL_0267,23:30,push,,,,,,
U0040,2,Ecommerce Social Engagers,trial,D82,1,TPL_0295,13:30,push,TPL_0291,21:45,push,,,,,,
U0040,2,Ecommerce Social Engagers,trial,D83,2,TPL_0294,12:15,push,TPL_0293,22:30,push,,,,,,
U0040,2,Ecommerce Social Engagers,trial,D84,3,TPL_0284,12:45,push,TPL_0289,23:45,push,,,,,,
U0040,2,Ecommerce Social Engagers,trial,D85,4,TPL_0288,14:30,push,TPL_0281,23:00,push,,,,,,
U0040,2,Ecommerce Social Engagers,trial,D86,5,TPL_0282,12:00,push,TPL_0289,22:30,push,,,,,,
U0040,2,Ecommerce Social Engagers,trial,D87,6,TPL_0279,13:30,push,TPL_0274,21:15,push,,,,,,
U0041,0,Ecommerce Needs Attention,paid,D38,0,TPL_0051,08:45,push,TPL_0056,11:00,push,TPL_0059,06:00,push,TPL_0057,09:30,push
U0041,0,Ecommerce Needs Attention,paid,D39,1,TPL_0053,07:45,push,TPL_0060,09:15,push,TPL_0057,07:30,push,TPL_0059,09:45,push
U0041,0,Ecommerce Needs Attention,paid,D40,2,TPL_0058,08:30,push,TPL_0059,11:30,push,TPL_0056,08:45,push,TPL_0060,11:30,push
U0041,0,Ecommerce Needs Attention,paid,D41,3,TPL_0056,07:00,push,TPL_0060,10:30,push,TPL_0053,08:00,push,TPL_0052,10:30,push
U0041,0,Ecommerce Needs Attention,paid,D42,4,TPL_0052,08:00,push,TPL_0059,11:45,push,TPL_0056,07:15,push,TPL_0051,11:00,push
U0041,0,Ecommerce Needs Attention,paid,D43,5,TPL_0058,08:45,push,TPL_0059,09:45,push,TPL_0057,06:15,push,TPL_0051,09:00,push
U0041,0,Ecommerce Needs Attention,paid,D44,6,TPL_0053,06:00,push,TPL_0054,10:30,push,TPL_0059,07:15,push,TPL_0056,10:15,push
U0042,5,Ecommerce Social Engagers,trial,D17,0,TPL_0564,22:45,push,TPL_0565,14:00,push,TPL_0568,23:15,push,TPL_0562,14:15,push
U0042,5,Ecommerce Social Engagers,trial,D18,1,TPL_0593,23:30,push,TPL_0594,14:45,push,TPL_0598,23:45,push,TPL_0600,13:15,push
U0042,5,Ecommerce Social Engagers,trial,D19,2,TPL_0591,22:30,push,TPL_0600,14:30,push,TPL_0598,23:30,push,TPL_0595,14:45,push
U0042,5,Ecommerce Social Engagers,trial,D20,3,TPL_0584,21:15,push,TPL_0590,13:30,push,TPL_0586,21:30,push,TPL_0585,13:15,push
U0042,5,Ecommerce Social Engagers,trial,D21,4,TPL_0585,23:45,push,TPL_0588,13:45,push,TPL_0581,22:30,push,TPL_0587,13:00,push
U0042,5,Ecommerce Social Engagers,trial,D22,5,TPL_0587,23:45,push,TPL_0586,13:30,push,TPL_0585,21:30,push,TPL_0583,12:30,push
U0042,5,Ecommerce Social Engagers,trial,D23,6,TPL_0572,23:00,push,TPL_0577,13:45,push,TPL_0574,23:30,push,TPL_0580,14:45,push
U0043,2,Ecommerce Social Engagers,inactive,D58,0,TPL_0219,12:15,push,TPL_0213,23:30,push,,,,,,
U0043,2,Ecommerce Social Engagers,inactive,D59,1,TPL_0219,14:30,push,TPL_0213,21:00,push,,,,,,
U0043,2,Ecommerce Social Engagers,inactive,D60,2,TPL_0213,14:15,push,TPL_0217,21:00,push,,,,,,
U0043,2,Ecommerce Social Engagers,inactive,D61,3,TPL_0215,14:15,push,TPL_0218,23:15,push,,,,,,
U0043,2,Ecommerce Social Engagers,inactive,D62,4,TPL_0213,12:00,push,TPL_0214,22:30,push,,,,,,
U0043,2,Ecommerce Social Engagers,inactive,D63,5,TPL_0217,14:45,push,TPL_0215,21:15,push,,,,,,
U0043,2,Ecommerce Social Engagers,inactive,D64,6,TPL_0212,12:15,push,TPL_0213,22:45,push,,,,,,
U0044,0,Ecommerce Needs Attention,trial,D16,0,TPL_0062,07:15,push,TPL_0065,10:30,push,TPL_0067,07:00,push,TPL_0068,09:15,push
U0044,0,Ecommerce Needs Attention,trial,D17,1,TPL_0092,08:00,push,TPL_0100,09:45,push,TPL_0093,06:00,push,TPL_0096,10:45,push
U0044,0,Ecommerce Needs Attention,trial,D18,2,TPL_0099,06:30,push,TPL_0095,09:00,push,TPL_0098,07:00,push,TPL_0093,10:30,push
U0044,0,Ecommerce Needs Attention,trial,D19,3,TPL_0085,07:45,push,TPL_0087,09:45,push,TPL_0081,07:15,push,TPL_0090,09:30,push
U0044,0,Ecommerce Needs Attention,trial,D20,4,TPL_0085,06:45,push,TPL_0090,11:30,push,TPL_0088,08:15,push,TPL_0084,09:30,push
U0044,0,Ecommerce Needs Attention,trial,D21,5,TPL_0084,07:15,push,TPL_0089,09:45,push,TPL_0090,07:30,push,TPL_0087,09:45,push
U0044,0,Ecommerce Needs Attention,trial,D22,6,TPL_0078,08:00,push,TPL_0074,09:15,push,TPL_0079,07:30,push,TPL_0077,09:00,push
U0045,2,Ecommerce Social Engagers,paid,D13,0,TPL_0252,13:45,push,TPL_0254,21:45,push,,,,,,
U0045,2,Ecommerce Social Engagers,paid,D14,1,TPL_0254,13:30,push,TPL_0255,22:00,push,,,,,,
U0045,2,Ecommerce Social Engagers,paid,D15,2,TPL_0253,13:30,push,TPL_0258,23:15,push,,,,,,
U0045,2,Ecommerce Social Engagers,paid,D16,3,TPL_0253,12:00,push,TPL_0258,22:30,push,,,,,,
U0045,2,Ecommerce Social Engagers,paid,D17,4,TPL_0254,12:45,push,TPL_0259,23:30,push,,,,,,
U0045,2,Ecommerce Social Engagers,paid,D18,5,TPL_0259,14:00,push,TPL_0254,23:30,push,,,,,,
U0045,2,Ecommerce Social Engagers,paid,D19,6,TPL_0259,13:15,push,TPL_0257,21:15,push,,,,,,
U0046,3,Ecommerce Segment 3,trial,D30,0,TPL_0365,16:15,push,TPL_0364,07:30,push,TPL_0361,16:45,push,TPL_0362,08:15,push
U0046,3,Ecommerce Segment 3,trial,D31,1,TPL_0394,15:00,push,TPL_0400,08:45,push,TPL_0398,17:30,push,TPL_0399,06:00,push
U0046,3,Ecommerce Segment 3,trial,D32,2,TPL_0391,15:15,push,TPL_0392,08:15,push,TPL_0397,15:30,push,TPL_0393,08:45,push
U0046,3,Ecommerce Segment 3,trial,D33,3,TPL_0381,15:15,push,TPL_0386,08:45,push,TPL_0389,15:45,push,TPL_0385,06:45,push
U0046,3,Ecommerce Segment 3,trial,D34,4,TPL_0388,15:45,push,TPL_0390,07:00,push,TPL_0381,17:45,push,TPL_0384,08:30,push
U0046,3,Ecommerce Segment 3,trial,D35,5,TPL_0386,17:00,push,TPL_0384,07:30,push,TPL_0381,15:15,push,TPL_0389,08:00,push
U0046,3,Ecommerce Segment 3,trial,D36,6,TPL_0378,15:45,push,TPL_0375,07:00,push,TPL_0372,17:00,push,TPL_0373,06:45,push
U0047,0,Ecommerce Needs Attention,paid,D23,0,TPL_0052,06:30,push,TPL_0059,10:15,push,TPL_0057,06:45,push,TPL_0054,10:45,push
U0047,0,Ecommerce Needs Attention,paid,D24,1,TPL_0055,07:45,push,TPL_0053,10:00,push,TPL_0060,08:15,push,TPL_0051,11:30,push
U0047,0,Ecommerce Needs Attention,paid,D25,2,TPL_0052,06:15,push,TPL_0054,11:45,push,TPL_0056,08:15,push,TPL_0057,11:15,push
U0047,0,Ecommerce Needs Attention,paid,D26,3,TPL_0057,06:00,push,TPL_0059,10:45,push,TPL_0058,08:45,push,TPL_0060,11:45,push
U0047,0,Ecommerce Needs Attention,paid,D27,4,TPL_0058,06:15,push,TPL_0053,10:30,push,TPL_0051,06:30,push,TPL_0054,09:00,push
U0047,0,Ecommerce Needs Attention,paid,D28,5,TPL_0054,06:45,push,TPL_0053,11:00,push,TPL_0059,06:15,push,TPL_0056,09:00,push
U0047,0,Ecommerce Needs Attention,paid,D29,6,TPL_0058,08:00,push,TPL_0056,10:00,push,TPL_0057,06:00,push,TPL_0055,10:45,push
U0048,0,Ecommerce Needs Attention,paid,D59,0,TPL_0058,06:15,push,TPL_0051,09:15,push,TPL_0055,08:30,push,TPL_0053,09:30,push
U0048,0,Ecommerce Needs Attention,paid,D60,1,TPL_0051,08:30,push,TPL_0052,09:30,push,TPL_0058,06:15,push,TPL_0057,10:30,push
U0048,0,Ecommerce Needs Attention,paid,D61,2,TPL_0060,07:00,push,TPL_0052,11:15,push,TPL_0059,08:45,push,TPL_0055,11:45,push
U0048,0,Ecommerce Needs Attention,paid,D62,3,TPL_0053,06:30,push,TPL_0054,11:45,push,TPL_0057,08:30,push,TPL_0058,11:45,push
U0048,0,Ecommerce Needs Attention,paid,D63,4,TPL_0060,07:15,push,TPL_0055,10:45,push,TPL_0058,06:45,push,TPL_0054,09:15,push
U0048,0,Ecommerce Needs Attention,paid,D64,5,TPL_0057,07:15,push,TPL_0051,10:00,push,TPL_0060,08:45,push,TPL_0058,10:15,push
U0048,0,Ecommerce Needs Attention,paid,D65,6,TPL_0060,07:15,push,TPL_0051,10:15,push,TPL_0052,07:00,push,TPL_0058,10:30,push
U0049,0,Ecommerce Needs Attention,trial,D44,0,TPL_0068,06:15,push,TPL_0070,09:30,push,TPL_0064,07:00,push,TPL_0062,09:15,push
U0049,0,Ecommerce Needs Attention,trial,D45,1,TPL_0093,08:15,push,TPL_0099,10:15,push,TPL_0100,07:30,push,TPL_0096,09:15,push
U0049,0,Ecommerce Needs Attention,trial,D46,2,TPL_0093,06:00,push,TPL_0094,11:45,push,TPL_0097,06:15,push,TPL_0091,10:15,push
U0049,0,Ecommerce Needs Attention,trial,D47,3,TPL_0081,08:30,push,TPL_0087,10:45,push,TPL_0084,07:30,push,TPL_0083,10:30,push
U0049,0,Ecommerce Needs Attention,trial,D48,4,TPL_0089,07:45,push,TPL_0088,10:00,push,TPL_0081,08:45,push,TPL_0090,10:15,push
U0049,0,Ecommerce Needs Attention,trial,D49,5,TPL_0082,07:30,push,TPL_0081,10:00,push,TPL_0087,08:15,push,TPL_0085,11:15,push
U0049,0,Ecommerce Needs Attention,trial,D50,6,TPL_0071,06:30,push,TPL_0072,11:45,push,TPL_0077,07:15,push,TPL_0078,09:30,push
U0050,1,Ecommerce At-Risk Users,inactive,D2,0,TPL_0118,18:45,push,TPL_0117,08:15,push,TPL_0115,19:30,push,TPL_0116,07:45,push
U0050,1,Ecommerce At-Risk Users,inactive,D3,1,TPL_0113,20:45,push,TPL_0120,07:15,push,TPL_0116,20:30,push,TPL_0118,06:15,push
U0050,1,Ecommerce At-Risk Users,inactive,D4,2,TPL_0115,20:45,push,TPL_0111,06:00,push,TPL_0113,20:00,push,TPL_0118,06:00,push
U0050,1,Ecommerce At-Risk Users,inactive,D5,3,TPL_0115,18:45,push,TPL_0111,06:15,push,TPL_0113,18:15,push,TPL_0119,06:15,push
U0050,1,Ecommerce At-Risk Users,inactive,D6,4,TPL_0115,20:45,push,TPL_0112,07:00,push,TPL_0118,20:45,push,TPL_0117,08:45,push
U0050,1,Ecommerce At-Risk Users,inactive,D7,5,TPL_0118,18:00,push,TPL_0115,08:45,push,TPL_0117,18:00,push,TPL_0111,08:30,push
U0050,1,Ecommerce At-Risk Users,inactive,D8,6,TPL_0120,20:30,push,TPL_0117,06:45,push,TPL_0118,18:00,push,TPL_0112,06:15,push
U0051,2,Ecommerce Social Engagers,churned,D36,0,TPL_0201,12:15,push,TPL_0207,23:30,push,,,,,,
U0051,2,Ecommerce Social Engagers,churned,D37,1,TPL_0205,13:30,push,TPL_0206,22:00,push,,,,,,
U0051,2,Ecommerce Social Engagers,churned,D38,2,TPL_0203,13:45,push,TPL_0210,22:15,push,,,,,,
U0051,2,Ecommerce Social Engagers,churned,D39,3,TPL_0210,14:15,push,TPL_0206,22:00,push,,,,,,
U0051,2,Ecommerce Social Engagers,churned,D40,4,TPL_0210,14:00,push,TPL_0204,21:45,push,,,,,,
U0051,2,Ecommerce Social Engagers,churned,D41,5,TPL_0205,13:45,push,TPL_0206,23:45,push,,,,,,
U0051,2,Ecommerce Social Engagers,churned,D42,6,TPL_0204,12:00,push,TPL_0203,23:15,push,,,,,,
U0052,3,Ecommerce Segment 3,inactive,D42,0,TPL_0320,15:45,push,TPL_0318,07:30,push,TPL_0315,17:00,push,TPL_0312,08:00,push
U0052,3,Ecommerce Segment 3,inactive,D43,1,TPL_0312,15:15,push,TPL_0320,08:45,push,TPL_0318,16:00,push,TPL_0315,06:30,push
U0052,3,Ecommerce Segment 3,inactive,D44,2,TPL_0316,17:00,push,TPL_0313,06:30,push,TPL_0315,15:15,push,TPL_0311,08:15,push
U0052,3,Ecommerce Segment 3,inactive,D45,3,TPL_0313,17:45,push,TPL_0318,06:30,push,TPL_0311,15:15,push,TPL_0320,08:45,push
U0052,3,Ecommerce Segment 3,inactive,D46,4,TPL_0317,17:30,push,TPL_0318,07:15,push,TPL_0311,17:00,push,TPL_0316,08:30,push
U0052,3,Ecommerce Segment 3,inactive,D47,5,TPL_0319,15:00,push,TPL_0313,07:15,push,TPL_0320,15:30,push,TPL_0312,08:45,push
U0052,3,Ecommerce Segment 3,inactive,D48,6,TPL_0313,16:00,push,TPL_0318,08:30,push,TPL_0319,16:45,push,TPL_0317,06:30,push
U0053,2,Ecommerce Social Engagers,churned,D39,0,TPL_0207,14:45,push,TPL_0209,22:15,push,,,,,,
U0053,2,Ecommerce Social Engagers,churned,D40,1,TPL_0206,14:45,push,TPL_0205,21:30,push,,,,,,
U0053,2,Ecommerce Social Engagers,churned,D41,2,TPL_0209,12:00,push,TPL_0208,21:30,push,,,,,,
U0053,2,Ecommerce Social Engagers,churned,D42,3,TPL_0201,12:45,push,TPL_0204,23:15,push,,,,,,
U0053,2,Ecommerce Social Engagers,churned,D43,4,TPL_0202,14:45,push,TPL_0203,22:30,push,,,,,,
U0053,2,Ecommerce Social Engagers,churned,D44,5,TPL_0204,12:00,push,TPL_0202,21:30,push,,,,,,
U0053,2,Ecommerce Social Engagers,churned,D45,6,TPL_0205,13:30,push,TPL_0201,22:00,push,,,,,,
U0054,0,Ecommerce Needs Attention,paid,D89,0,TPL_0052,06:00,push,TPL_0060,09:45,push,TPL_0055,07:45,push,TPL_0054,09:00,push
U0054,0,Ecommerce Needs Attention,paid,D90,1,TPL_0051,06:30,push,TPL_0055,11:00,push,TPL_0056,08:30,push,TPL_0060,10:00,push
U0054,0,Ecommerce Needs Attention,paid,D91,2,TPL_0056,07:45,push,TPL_0054,10:00,push,TPL_0053,08:15,push,TPL_0058,11:15,push
U0054,0,Ecommerce Needs Attention,paid,D92,3,TPL_0053,08:45,push,TPL_0060,09:15,push,TPL_0058,07:30,push,TPL_0051,10:45,push
U0054,0,Ecommerce Needs Attention,paid,D93,4,TPL_0059,06:00,push,TPL_0052,09:45,push,TPL_0055,07:45,push,TPL_0051,10:45,push
U0054,0,Ecommerce Needs Attention,paid,D94,5,TPL_0053,06:30,push,TPL_0054,10:15,push,TPL_0052,08:45,push,TPL_0059,11:15,push
U0054,0,Ecommerce Needs Attention,paid,D95,6,TPL_0054,07:00,push,TPL_0059,09:30,push,TPL_0058,06:45,push,TPL_0060,10:45,push
U0055,3,Ecommerce Segment 3,inactive,D54,0,TPL_0312,16:45,push,TPL_0315,07:45,push,TPL_0311,17:15,push,TPL_0316,07:30,push
U0055,3,Ecommerce Segment 3,inactive,D55,1,TPL_0319,17:15,push,TPL_0318,07:30,push,TPL_0313,15:45,push,TPL_0320,07:30,push
U0055,3,Ecommerce Segment 3,inactive,D56,2,TPL_0320,17:45,push,TPL_0319,08:15,push,TPL_0317,16:45,push,TPL_0311,07:45,push
U0055,3,Ecommerce Segment 3,inactive,D57,3,TPL_0313,16:00,push,TPL_0314,08:15,push,TPL_0317,17:15,push,TPL_0316,08:00,push
U0055,3,Ecommerce Segment 3,inactive,D58,4,TPL_0315,17:45,push,TPL_0317,08:15,push,TPL_0311,16:30,push,TPL_0312,08:00,push
U0055,3,Ecommerce Segment 3,inactive,D59,5,TPL_0316,16:45,push,TPL_0318,06:30,push,TPL_0317,15:30,push,TPL_0313,08:15,push
U0055,3,Ecommerce Segment 3,inactive,D60,6,TPL_0317,17:45,push,TPL_0318,07:00,push,TPL_0319,16:45,push,TPL_0311,08:45,push
U0056,3,Ecommerce Segment 3,trial,D86,0,TPL_0362,17:45,push,TPL_0368,08:00,push,TPL_0365,16:00,push,TPL_0369,06:15,push
U0056,3,Ecommerce Segment 3,trial,D87,1,TPL_0391,17:30,push,TPL_0398,06:00,push,TPL_0392,17:45,push,TPL_0397,07:45,push
U0056,3,Ecommerce Segment 3,trial,D88,2,TPL_0395,15:00,push,TPL_0393,06:30,push,TPL_0397,15:15,push,TPL_0398,07:30,push
U0056,3,Ecommerce Segment 3,trial,D89,3,TPL_0389,16:45,push,TPL_0382,08:15,push,TPL_0390,16:00,push,TPL_0384,07:00,push
U0056,3,Ecommerce Segment 3,trial,D90,4,TPL_0381,16:45,push,TPL_0390,06:00,push,TPL_0388,17:15,push,TPL_0385,07:30,push
U0056,3,Ecommerce Segment 3,trial,D91,5,TPL_0389,16:45,push,TPL_0390,06:45,push,TPL_0386,16:45,push,TPL_0383,06:45,push
U0056,3,Ecommerce Segment 3,trial,D92,6,TPL_0372,17:45,push,TPL_0374,07:00,push,TPL_0375,16:00,push,TPL_0378,08:00,push
U0057,2,Ecommerce Social Engagers,trial,D38,0,TPL_0267,12:30,push,TPL_0261,23:00,push,,,,,,
U0057,2,Ecommerce Social Engagers,trial,D39,1,TPL_0298,14:15,push,TPL_0296,23:15,push,,,,,,
U0057,2,Ecommerce Social Engagers,trial,D40,2,TPL_0297,14:15,push,TPL_0293,23:15,push,,,,,,
U0057,2,Ecommerce Social Engagers,trial,D41,3,TPL_0286,13:45,push,TPL_0287,22:15,push,,,,,,
U0057,2,Ecommerce Social Engagers,trial,D42,4,TPL_0288,13:15,push,TPL_0282,21:45,push,,,,,,
U0057,2,Ecommerce Social Engagers,trial,D43,5,TPL_0281,13:00,push,TPL_0286,23:15,push,,,,,,
U0057,2,Ecommerce Social Engagers,trial,D44,6,TPL_0271,13:45,push,TPL_0279,22:00,push,,,,,,
U0058,5,Ecommerce Social Engagers,trial,D14,0,TPL_0562,23:15,push,TPL_0565,12:30,push,TPL_0566,23:00,push,TPL_0563,14:00,push
U0058,5,Ecommerce Social Engagers,trial,D15,1,TPL_0593,23:15,push,TPL_0598,13:30,push,TPL_0600,21:45,push,TPL_0595,12:30,push
U0058,5,Ecommerce Social Engagers,trial,D16,2,TPL_0595,23:45,push,TPL_0594,14:30,push,TPL_0597,23:45,push,TPL_0600,14:45,push
U0058,5,Ecommerce Social Engagers,trial,D17,3,TPL_0589,23:00,push,TPL_0587,13:30,push,TPL_0582,22:15,push,TPL_0586,14:30,push
U0058,5,Ecommerce Social Engagers,trial,D18,4,TPL_0585,23:00,push,TPL_0587,14:15,push,TPL_0588,22:00,push,TPL_0590,12:30,push
U0058,5,Ecommerce Social Engagers,trial,D19,5,TPL_0587,21:15,push,TPL_0585,13:15,push,TPL_0581,23:45,push,TPL_0590,13:15,push
U0058,5,Ecommerce Social Engagers,trial,D20,6,TPL_0579,23:45,push,TPL_0572,13:15,push,TPL_0580,22:15,push,TPL_0578,14:15,push
U0059,1,Ecommerce At-Risk Users,trial,D3,0,TPL_0169,19:30,push,TPL_0163,06:15,push,TPL_0162,19:45,push,TPL_0161,08:00,push
U0059,1,Ecommerce At-Risk Users,trial,D4,1,TPL_0192,19:00,push,TPL_0193,07:15,push,TPL_0197,18:45,push,TPL_0195,08:45,push
U0059,1,Ecommerce At-Risk Users,trial,D5,2,TPL_0195,19:45,push,TPL_0197,07:45,push,TPL_0192,19:15,push,TPL_0196,06:00,push
U0059,1,Ecommerce At-Risk Users,trial,D6,3,TPL_0190,18:30,push,TPL_0185,06:30,push,TPL_0188,18:30,push,TPL_0187,06:45,push
U0059,1,Ecommerce At-Risk Users,trial,D7,4,TPL_0190,20:45,push,TPL_0187,08:00,push,TPL_0183,20:00,push,TPL_0188,07:30,push
U0059,1,Ecommerce At-Risk Users,trial,D8,5,TPL_0184,20:00,push,TPL_0188,08:45,push,TPL_0183,20:15,push,TPL_0186,07:00,push
U0059,1,Ecommerce At-Risk Users,trial,D9,6,TPL_0172,20:15,push,TPL_0179,07:00,push,TPL_0176,19:30,push,TPL_0180,07:00,push
U0060,5,Ecommerce Social Engagers,trial,D85,0,TPL_0563,22:00,push,TPL_0570,12:15,push,TPL_0564,23:30,push,TPL_0566,14:45,push
U0060,5,Ecommerce Social Engagers,trial,D86,1,TPL_0591,21:15,push,TPL_0596,12:15,push,TPL_0592,21:30,push,TPL_0598,14:30,push
U0060,5,Ecommerce Social Engagers,trial,D87,2,TPL_0596,23:15,push,TPL_0594,13:30,push,TPL_0599,22:30,push,TPL_0595,14:00,push
U0060,5,Ecommerce Social Engagers,trial,D88,3,TPL_0583,21:45,push,TPL_0590,12:30,push,TPL_0581,23:15,push,TPL_0584,14:15,push
U0060,5,Ecommerce Social Engagers,trial,D89,4,TPL_0587,21:15,push,TPL_0585,14:30,push,TPL_0583,21:45,push,TPL_0584,13:15,push
U0060,5,Ecommerce Social Engagers,trial,D90,5,TPL_0589,23:30,push,TPL_0584,14:45,push,TPL_0586,22:45,push,TPL_0585,12:00,push
U0060,5,Ecommerce Social Engagers,trial,D91,6,TPL_0573,22:30,push,TPL_0577,14:30,push,TPL_0575,22:45,push,TPL_0578,13:00,push
U0061,0,Ecommerce Needs Attention,trial,D24,0,TPL_0070,08:00,push,TPL_0062,11:45,push,TPL_0063,08:30,push,TPL_0069,09:45,push
U0061,0,Ecommerce Needs Attention,trial,D25,1,TPL_0100,06:45,push,TPL_0099,09:45,push,TPL_0096,07:30,push,TPL_0091,10:30,push
U0061,0,Ecommerce Needs Attention,trial,D26,2,TPL_0096,08:15,push,TPL_0093,11:45,push,TPL_0097,07:00,push,TPL_0094,09:00,push
U0061,0,Ecommerce Needs Attention,trial,D27,3,TPL_0082,08:45,push,TPL_0090,09:00,push,TPL_0086,06:45,push,TPL_0083,10:00,push
U0061,0,Ecommerce Needs Attention,trial,D28,4,TPL_0090,07:15,push,TPL_0084,11:15,push,TPL_0085,08:30,push,TPL_0089,09:30,push
U0061,0,Ecommerce Needs Attention,trial,D29,5,TPL_0081,06:30,push,TPL_0084,10:00,push,TPL_0082,07:15,push,TPL_0086,09:45,push
U0061,0,Ecommerce Needs Attention,trial,D30,6,TPL_0071,08:30,push,TPL_0079,11:15,push,TPL_0073,07:00,push,TPL_0077,11:00,push
U0062,3,Ecommerce Segment 3,churned,D12,0,TPL_0306,15:15,push,TPL_0308,07:00,push,TPL_0307,15:15,push,TPL_0301,08:45,push
U0062,3,Ecommerce Segment 3,churned,D13,1,TPL_0308,15:00,push,TPL_0305,08:30,push,TPL_0307,15:45,push,TPL_0302,08:15,push
U0062,3,Ecommerce Segment 3,churned,D14,2,TPL_0309,16:00,push,TPL_0310,06:45,push,TPL_0303,15:00,push,TPL_0308,06:30,push
U0062,3,Ecommerce Segment 3,churned,D15,3,TPL_0309,16:30,push,TPL_0301,06:45,push,TPL_0307,15:15,push,TPL_0308,06:00,push
U0062,3,Ecommerce Segment 3,churned,D16,4,TPL_0309,17:15,push,TPL_0303,07:30,push,TPL_0306,17:15,push,TPL_0308,08:15,push
U0062,3,Ecommerce Segment 3,churned,D17,5,TPL_0301,16:45,push,TPL_0307,06:00,push,TPL_0305,15:15,push,TPL_0308,06:45,push
U0062,3,Ecommerce Segment 3,churned,D18,6,TPL_0310,16:45,push,TPL_0308,07:15,push,TPL_0303,15:30,push,TPL_0306,08:00,push
U0063,2,Ecommerce Social Engagers,trial,D81,0,TPL_0268,12:30,push,TPL_0262,23:00,push,,,,,,
U0063,2,Ecommerce Social Engagers,trial,D82,1,TPL_0298,14:30,push,TPL_0293,21:15,push,,,,,,
U0063,2,Ecommerce Social Engagers,trial,D83,2,TPL_0292,14:45,push,TPL_0300,22:00,push,,,,,,
U0063,2,Ecommerce Social Engagers,trial,D84,3,TPL_0288,12:45,push,TPL_0281,22:00,push,,,,,,
U0063,2,Ecommerce Social Engagers,trial,D85,4,TPL_0283,12:45,push,TPL_0281,23:00,push,,,,,,
U0063,2,Ecommerce Social Engagers,trial,D86,5,TPL_0290,14:00,push,TPL_0282,22:30,push,,,,,,
U0063,2,Ecommerce Social Engagers,trial,D87,6,TPL_0279,12:45,push,TPL_0273,23:45,push,,,,,,
U0064,2,Ecommerce Social Engagers,trial,D32,0,TPL_0263,13:15,push,TPL_0261,22:00,push,,,,,,
U0064,2,Ecommerce Social Engagers,trial,D33,1,TPL_0292,12:00,push,TPL_0298,21:30,push,,,,,,
U0064,2,Ecommerce Social Engagers,trial,D34,2,TPL_0298,12:00,push,TPL_0300,21:45,push,,,,,,
U0064,2,Ecommerce Social Engagers,trial,D35,3,TPL_0287,14:30,push,TPL_0286,23:45,push,,,,,,
U0064,2,Ecommerce Social Engagers,trial,D36,4,TPL_0281,13:45,push,TPL_0286,21:15,push,,,,,,
U0064,2,Ecommerce Social Engagers,trial,D37,5,TPL_0287,13:00,push,TPL_0290,22:00,push,,,,,,
U0064,2,Ecommerce Social Engagers,trial,D38,6,TPL_0273,14:15,push,TPL_0275,21:30,push,,,,,,
U0065,0,Ecommerce Needs Attention,paid,D15,0,TPL_0058,07:00,push,TPL_0052,10:45,push,TPL_0057,08:15,push,TPL_0053,09:15,push
U0065,0,Ecommerce Needs Attention,paid,D16,1,TPL_0057,06:45,push,TPL_0056,09:45,push,TPL_0054,08:00,push,TPL_0053,10:15,push
U0065,0,Ecommerce Needs Attention,paid,D17,2,TPL_0059,06:00,push,TPL_0058,11:15,push,TPL_0053,08:00,push,TPL_0057,09:45,push
U0065,0,Ecommerce Needs Attention,paid,D18,3,TPL_0051,07:30,push,TPL_0056,09:30,push,TPL_0053,06:30,push,TPL_0058,11:00,push
U0065,0,Ecommerce Needs Attention,paid,D19,4,TPL_0055,06:30,push,TPL_0058,10:30,push,TPL_0051,08:00,push,TPL_0060,10:00,push
U0065,0,Ecommerce Needs Attention,paid,D20,5,TPL_0055,07:45,push,TPL_0051,11:30,push,TPL_0053,06:45,push,TPL_0054,11:15,push
U0065,0,Ecommerce Needs Attention,paid,D21,6,TPL_0055,07:15,push,TPL_0053,10:00,push,TPL_0060,08:00,push,TPL_0057,09:00,push
U0066,0,Ecommerce Needs Attention,trial,D41,0,TPL_0063,06:00,push,TPL_0065,09:00,push,TPL_0067,07:30,push,TPL_0069,10:15,push
U0066,0,Ecommerce Needs Attention,trial,D42,1,TPL_0094,06:00,push,TPL_0093,11:45,push,TPL_0095,06:30,push,TPL_0092,09:45,push
U0066,0,Ecommerce Needs Attention,trial,D43,2,TPL_0094,08:30,push,TPL_0095,10:00,push,TPL_0096,08:30,push,TPL_0099,09:00,push
U0066,0,Ecommerce Needs Attention,trial,D44,3,TPL_0081,06:15,push,TPL_0088,11:00,push,TPL_0089,07:00,push,TPL_0090,10:30,push
U0066,0,Ecommerce Needs Attention,trial,D45,4,TPL_0083,07:30,push,TPL_0090,09:45,push,TPL_0081,06:30,push,TPL_0087,09:30,push
U0066,0,Ecommerce Needs Attention,trial,D46,5,TPL_0088,08:30,push,TPL_0082,11:15,push,TPL_0081,07:30,push,TPL_0084,11:45,push
U0066,0,Ecommerce Needs Attention,trial,D47,6,TPL_0074,06:15,push,TPL_0073,09:00,push,TPL_0071,07:00,push,TPL_0076,09:30,push
U0067,2,Ecommerce Social Engagers,churned,D65,0,TPL_0205,14:00,push,TPL_0202,22:00,push,,,,,,
U0067,2,Ecommerce Social Engagers,churned,D66,1,TPL_0204,14:45,push,TPL_0207,23:30,push,,,,,,
U0067,2,Ecommerce Social Engagers,churned,D67,2,TPL_0202,12:15,push,TPL_0206,23:15,push,,,,,,
U0067,2,Ecommerce Social Engagers,churned,D68,3,TPL_0206,13:45,push,TPL_0205,21:15,push,,,,,,
U0067,2,Ecommerce Social Engagers,churned,D69,4,TPL_0208,14:30,push,TPL_0210,21:00,push,,,,,,
U0067,2,Ecommerce Social Engagers,churned,D70,5,TPL_0205,12:45,push,TPL_0204,23:30,push,,,,,,
U0067,2,Ecommerce Social Engagers,churned,D71,6,TPL_0204,13:00,push,TPL_0202,23:00,push,,,,,,
U0068,2,Ecommerce Social Engagers,trial,D54,0,TPL_0263,14:15,push,TPL_0261,23:45,push,,,,,,
U0068,2,Ecommerce Social Engagers,trial,D55,1,TPL_0296,12:00,push,TPL_0291,22:15,push,,,,,,
U0068,2,Ecommerce Social Engagers,trial,D56,2,TPL_0296,12:30,push,TPL_0293,22:30,push,,,,,,
U0068,2,Ecommerce Social Engagers,trial,D57,3,TPL_0282,13:30,push,TPL_0284,22:45,push,,,,,,
U0068,2,Ecommerce Social Engagers,trial,D58,4,TPL_0290,13:15,push,TPL_0289,21:15,push,,,,,,
U0068,2,Ecommerce Social Engagers,trial,D59,5,TPL_0282,12:00,push,TPL_0286,21:00,push,,,,,,
U0068,2,Ecommerce Social Engagers,trial,D60,6,TPL_0279,12:45,push,TPL_0274,22:30,push,,,,,,
U0069,2,Ecommerce Social Engagers,inactive,D41,0,TPL_0211,13:00,push,TPL_0219,23:30,push,,,,,,
U0069,2,Ecommerce Social Engagers,inactive,D42,1,TPL_0215,12:45,push,TPL_0219,22:45,push,,,,,,
U0069,2,Ecommerce Social Engagers,inactive,D43,2,TPL_0215,13:00,push,TPL_0213,21:15,push,,,,,,
U0069,2,Ecommerce Social Engagers,inactive,D44,3,TPL_0214,14:30,push,TPL_0217,23:00,push,,,,,,
U0069,2,Ecommerce Social Engagers,inactive,D45,4,TPL_0212,12:30,push,TPL_0211,21:00,push,,,,,,
U0069,2,Ecommerce Social Engagers,inactive,D46,5,TPL_0219,14:15,push,TPL_0216,22:45,push,,,,,,
U0069,2,Ecommerce Social Engagers,inactive,D47,6,TPL_0218,14:00,push,TPL_0213,23:30,push,,,,,,
U0070,2,Ecommerce Social Engagers,churned,D33,0,TPL_0203,13:15,push,TPL_0201,21:45,push,,,,,,
U0070,2,Ecommerce Social Engagers,churned,D34,1,TPL_0207,13:15,push,TPL_0203,21:45,push,,,,,,
U0070,2,Ecommerce Social Engagers,churned,D35,2,TPL_0203,12:15,push,TPL_0210,21:00,push,,,,,,
U0070,2,Ecommerce Social Engagers,churned,D36,3,TPL_0202,12:15,push,TPL_0208,21:15,push,,,,,,
U0070,2,Ecommerce Social Engagers,churned,D37,4,TPL_0205,13:30,push,TPL_0202,23:00,push,,,,,,
U0070,2,Ecommerce Social Engagers,churned,D38,5,TPL_0208,14:30,push,TPL_0209,21:00,push,,,,,,
U0070,2,Ecommerce Social Engagers,churned,D39,6,TPL_0204,12:15,push,TPL_0208,23:45,push,,,,,,
U0071,0,Ecommerce Needs Attention,trial,D29,0,TPL_0062,06:00,push,TPL_0068,10:00,push,TPL_0069,06:45,push,TPL_0070,09:15,push
U0071,0,Ecommerce Needs Attention,trial,D30,1,TPL_0094,08:45,push,TPL_0092,11:45,push,TPL_0091,07:00,push,TPL_0095,10:45,push
U0071,0,Ecommerce Needs Attention,trial,D31,2,TPL_0093,06:30,push,TPL_0100,09:15,push,TPL_0091,07:30,push,TPL_0092,10:15,push
U0071,0,Ecommerce Needs Attention,trial,D32,3,TPL_0083,06:15,push,TPL_0087,11:30,push,TPL_0089,07:45,push,TPL_0082,11:45,push
U0071,0,Ecommerce Needs Attention,trial,D33,4,TPL_0087,06:00,push,TPL_0081,10:45,push,TPL_0083,06:45,push,TPL_0084,09:15,push
U0071,0,Ecommerce Needs Attention,trial,D34,5,TPL_0090,08:00,push,TPL_0085,10:30,push,TPL_0082,07:45,push,TPL_0087,10:30,push
U0071,0,Ecommerce Needs Attention,trial,D35,6,TPL_0080,07:30,push,TPL_0075,09:00,push,TPL_0077,07:15,push,TPL_0072,09:30,push
U0072,0,Ecommerce Needs Attention,trial,D12,0,TPL_0069,06:45,push,TPL_0067,11:30,push,TPL_0062,08:15,push,TPL_0068,09:00,push
U0072,0,Ecommerce Needs Attention,trial,D13,1,TPL_0095,06:15,push,TPL_0099,10:00,push,TPL_0097,06:45,push,TPL_0092,10:15,push
U0072,0,Ecommerce Needs Attention,trial,D14,2,TPL_0098,06:15,push,TPL_0092,11:30,push,TPL_0096,08:30,push,TPL_0099,11:00,push
U0072,0,Ecommerce Needs Attention,trial,D15,3,TPL_0089,08:30,push,TPL_0084,11:15,push,TPL_0083,08:15,push,TPL_0088,10:30,push
U0072,0,Ecommerce Needs Attention,trial,D16,4,TPL_0083,06:45,push,TPL_0087,09:00,push,TPL_0090,06:15,push,TPL_0088,11:15,push
U0072,0,Ecommerce Needs Attention,trial,D17,5,TPL_0090,06:45,push,TPL_0081,09:30,push,TPL_0089,08:15,push,TPL_0088,09:30,push
U0072,0,Ecommerce Needs Attention,trial,D18,6,TPL_0073,08:15,push,TPL_0080,10:00,push,TPL_0078,06:15,push,TPL_0072,11:15,push
U0073,0,Ecommerce Needs Attention,churned,D12,0,TPL_0001,06:30,push,TPL_0007,09:30,push,TPL_0002,08:45,push,TPL_0009,11:00,push
U0073,0,Ecommerce Needs Attention,churned,D13,1,TPL_0005,07:30,push,TPL_0008,10:15,push,TPL_0003,06:45,push,TPL_0002,11:45,push
U0073,0,Ecommerce Needs Attention,churned,D14,2,TPL_0008,08:30,push,TPL_0007,09:30,push,TPL_0002,06:15,push,TPL_0005,10:30,push
U0073,0,Ecommerce Needs Attention,churned,D15,3,TPL_0005,08:30,push,TPL_0004,09:15,push,TPL_0010,08:00,push,TPL_0009,11:45,push
U0073,0,Ecommerce Needs Attention,churned,D16,4,TPL_0001,08:00,push,TPL_0002,09:30,push,TPL_0005,08:15,push,TPL_0004,11:00,push
U0073,0,Ecommerce Needs Attention,churned,D17,5,TPL_0005,07:15,push,TPL_0009,10:00,push,TPL_0003,06:30,push,TPL_0002,10:15,push
U0073,0,Ecommerce Needs Attention,churned,D18,6,TPL_0001,08:00,push,TPL_0007,11:30,push,TPL_0010,07:00,push,TPL_0002,10:15,push
U0074,0,Ecommerce Needs Attention,paid,D17,0,TPL_0053,06:00,push,TPL_0056,10:30,push,TPL_0060,06:00,push,TPL_0059,09:45,push
U0074,0,Ecommerce Needs Attention,paid,D18,1,TPL_0051,07:45,push,TPL_0057,09:45,push,TPL_0059,07:45,push,TPL_0060,10:45,push
U0074,0,Ecommerce Needs Attention,paid,D19,2,TPL_0057,06:45,push,TPL_0052,11:15,push,TPL_0054,06:45,push,TPL_0059,09:00,push
U0074,0,Ecommerce Needs Attention,paid,D20,3,TPL_0060,07:00,push,TPL_0053,10:30,push,TPL_0054,06:00,push,TPL_0059,10:15,push
U0074,0,Ecommerce Needs Attention,paid,D21,4,TPL_0054,07:15,push,TPL_0053,11:00,push,TPL_0055,08:00,push,TPL_0051,10:45,push
U0074,0,Ecommerce Needs Attention,paid,D22,5,TPL_0054,08:00,push,TPL_0057,10:15,push,TPL_0051,08:45,push,TPL_0059,09:00,push
U0074,0,Ecommerce Needs Attention,paid,D23,6,TPL_0060,06:30,push,TPL_0056,09:15,push,TPL_0051,07:30,push,TPL_0054,11:30,push
U0075,2,Ecommerce Social Engagers,paid,D31,0,TPL_0258,13:15,push,TPL_0251,21:00,push,,,,,,
U0075,2,Ecommerce Social Engagers,paid,D32,1,TPL_0256,13:45,push,TPL_0260,21:00,push,,,,,,
U0075,2,Ecommerce Social Engagers,paid,D33,2,TPL_0256,13:00,push,TPL_0258,22:00,push,,,,,,
U0075,2,Ecommerce Social Engagers,paid,D34,3,TPL_0258,13:45,push,TPL_0255,21:00,push,,,,,,
U0075,2,Ecommerce Social Engagers,paid,D35,4,TPL_0253,12:15,push,TPL_0254,21:30,push,,,,,,
U0075,2,Ecommerce Social Engagers,paid,D36,5,TPL_0259,12:45,push,TPL_0253,21:30,push,,,,,,
U0075,2,Ecommerce Social Engagers,paid,D37,6,TPL_0259,13:45,push,TPL_0257,22:30,push,,,,,,
U0076,0,Ecommerce Needs Attention,churned,D38,0,TPL_0002,06:45,push,TPL_0010,09:30,push,TPL_0006,07:30,push,TPL_0005,09:45,push
U0076,0,Ecommerce Needs Attention,churned,D39,1,TPL_0009,06:30,push,TPL_0007,10:45,push,TPL_0004,07:15,push,TPL_0010,10:00,push
U0076,0,Ecommerce Needs Attention,churned,D40,2,TPL_0006,06:00,push,TPL_0009,09:30,push,TPL_0010,08:45,push,TPL_0008,11:15,push
U0076,0,Ecommerce Needs Attention,churned,D41,3,TPL_0005,08:00,push,TPL_0008,10:45,push,TPL_0001,08:45,push,TPL_0007,11:15,push
U0076,0,Ecommerce Needs Attention,churned,D42,4,TPL_0003,07:30,push,TPL_0004,09:45,push,TPL_0010,08:00,push,TPL_0009,11:15,push
U0076,0,Ecommerce Needs Attention,churned,D43,5,TPL_0005,06:45,push,TPL_0008,09:15,push,TPL_0003,06:15,push,TPL_0006,09:00,push
U0076,0,Ecommerce Needs Attention,churned,D44,6,TPL_0010,07:00,push,TPL_0002,11:45,push,TPL_0005,06:15,push,TPL_0001,11:30,push
U0077,0,Ecommerce Needs Attention,trial,D45,0,TPL_0062,07:00,push,TPL_0069,09:45,push,TPL_0068,08:45,push,TPL_0070,11:30,push
U0077,0,Ecommerce Needs Attention,trial,D46,1,TPL_0097,07:45,push,TPL_0095,09:45,push,TPL_0099,06:45,push,TPL_0092,09:15,push
U0077,0,Ecommerce Needs Attention,trial,D47,2,TPL_0095,08:00,push,TPL_0099,09:00,push,TPL_0091,07:30,push,TPL_0100,10:30,push
U0077,0,Ecommerce Needs Attention,trial,D48,3,TPL_0089,07:45,push,TPL_0090,11:45,push,TPL_0088,06:15,push,TPL_0085,10:45,push
U0077,0,Ecommerce Needs Attention,trial,D49,4,TPL_0082,06:45,push,TPL_0083,09:45,push,TPL_0089,07:15,push,TPL_0081,09:45,push
U0077,0,Ecommerce Needs Attention,trial,D50,5,TPL_0089,07:30,push,TPL_0085,09:30,push,TPL_0084,07:30,push,TPL_0086,10:45,push
U0077,0,Ecommerce Needs Attention,trial,D51,6,TPL_0072,08:00,push,TPL_0078,09:15,push,TPL_0079,07:45,push,TPL_0076,10:30,push
U0078,0,Ecommerce Needs Attention,trial,D28,0,TPL_0070,08:45,push,TPL_0061,11:00,push,TPL_0062,06:45,push,TPL_0068,09:45,push
U0078,0,Ecommerce Needs Attention,trial,D29,1,TPL_0093,08:45,push,TPL_0096,11:30,push,TPL_0097,06:15,push,TPL_0100,09:30,push
U0078,0,Ecommerce Needs Attention,trial,D30,2,TPL_0099,08:45,push,TPL_0096,09:00,push,TPL_0100,06:15,push,TPL_0094,09:00,push
U0078,0,Ecommerce Needs Attention,trial,D31,3,TPL_0081,06:00,push,TPL_0088,10:00,push,TPL_0087,07:15,push,TPL_0082,10:30,push
U0078,0,Ecommerce Needs Attention,trial,D32,4,TPL_0084,07:45,push,TPL_0081,11:00,push,TPL_0085,08:00,push,TPL_0088,09:30,push
U0078,0,Ecommerce Needs Attention,trial,D33,5,TPL_0090,07:45,push,TPL_0086,09:45,push,TPL_0087,08:30,push,TPL_0085,10:15,push
U0078,0,Ecommerce Needs Attention,trial,D34,6,TPL_0076,07:00,push,TPL_0072,10:00,push,TPL_0075,07:00,push,TPL_0074,09:15,push
U0079,3,Ecommerce Segment 3,trial,D61,0,TPL_0370,15:15,push,TPL_0369,08:15,push,TPL_0365,16:45,push,TPL_0362,08:00,push
U0079,3,Ecommerce Segment 3,trial,D62,1,TPL_0391,17:00,push,TPL_0397,07:15,push,TPL_0400,17:15,push,TPL_0399,08:00,push
U0079,3,Ecommerce Segment 3,trial,D63,2,TPL_0392,15:30,push,TPL_0393,08:30,push,TPL_0396,17:30,push,TPL_0395,07:45,push
U0079,3,Ecommerce Segment 3,trial,D64,3,TPL_0387,16:45,push,TPL_0384,07:15,push,TPL_0388,16:30,push,TPL_0381,08:45,push
U0079,3,Ecommerce Segment 3,trial,D65,4,TPL_0388,17:00,push,TPL_0390,06:30,push,TPL_0386,17:30,push,TPL_0381,07:00,push
U0079,3,Ecommerce Segment 3,trial,D66,5,TPL_0382,16:00,push,TPL_0386,07:30,push,TPL_0383,17:30,push,TPL_0389,07:30,push
U0079,3,Ecommerce Segment 3,trial,D67,6,TPL_0377,17:30,push,TPL_0372,06:15,push,TPL_0376,17:15,push,TPL_0380,06:45,push
U0080,0,Ecommerce Needs Attention,churned,D61,0,TPL_0004,08:30,push,TPL_0010,11:15,push,TPL_0002,08:00,push,TPL_0005,11:45,push
U0080,0,Ecommerce Needs Attention,churned,D62,1,TPL_0009,07:30,push,TPL_0010,10:45,push,TPL_0007,07:00,push,TPL_0005,11:15,push
U0080,0,Ecommerce Needs Attention,churned,D63,2,TPL_0003,07:15,push,TPL_0005,11:45,push,TPL_0004,08:30,push,TPL_0009,11:30,push
U0080,0,Ecommerce Needs Attention,churned,D64,3,TPL_0003,06:15,push,TPL_0010,10:00,push,TPL_0005,07:15,push,TPL_0001,11:30,push
U0080,0,Ecommerce Needs Attention,churned,D65,4,TPL_0001,08:15,push,TPL_0008,11:30,push,TPL_0006,08:00,push,TPL_0002,09:30,push
U0080,0,Ecommerce Needs Attention,churned,D66,5,TPL_0008,06:30,push,TPL_0004,10:30,push,TPL_0002,07:30,push,TPL_0009,11:30,push
U0080,0,Ecommerce Needs Attention,churned,D67,6,TPL_0008,07:00,push,TPL_0001,10:00,push,TPL_0010,08:00,push,TPL_0003,10:15,push
U0081,0,Ecommerce Needs Attention,paid,D56,0,TPL_0057,08:00,push,TPL_0053,11:45,push,TPL_0058,08:30,push,TPL_0055,10:00,push
U0081,0,Ecommerce Needs Attention,paid,D57,1,TPL_0053,06:15,push,TPL_0058,09:30,push,TPL_0060,07:45,push,TPL_0055,09:30,push
U0081,0,Ecommerce Needs Attention,paid,D58,2,TPL_0057,08:15,push,TPL_0052,09:45,push,TPL_0051,07:15,push,TPL_0056,10:00,push
U0081,0,Ecommerce Needs Attention,paid,D59,3,TPL_0056,06:45,push,TPL_0057,10:15,push,TPL_0054,06:15,push,TPL_0060,10:00,push
U0081,0,Ecommerce Needs Attention,paid,D60,4,TPL_0051,06:45,push,TPL_0053,11:45,push,TPL_0052,07:45,push,TPL_0057,10:45,push
U0081,0,Ecommerce Needs Attention,paid,D61,5,TPL_0053,06:00,push,TPL_0056,11:15,push,TPL_0054,08:30,push,TPL_0055,09:30,push
U0081,0,Ecommerce Needs Attention,paid,D62,6,TPL_0055,08:15,push,TPL_0059,09:00,push,TPL_0056,08:15,push,TPL_0057,09:30,push
U0082,5,Ecommerce Social Engagers,trial,D15,0,TPL_0562,22:15,push,TPL_0566,12:45,push,TPL_0563,23:30,push,TPL_0564,12:00,push
U0082,5,Ecommerce Social Engagers,trial,D16,1,TPL_0596,21:30,push,TPL_0598,13:45,push,TPL_0595,23:30,push,TPL_0597,13:15,push
U0082,5,Ecommerce Social Engagers,trial,D17,2,TPL_0599,22:45,push,TPL_0596,13:15,push,TPL_0595,21:45,push,TPL_0598,12:15,push
U0082,5,Ecommerce Social Engagers,trial,D18,3,TPL_0583,21:15,push,TPL_0587,12:00,push,TPL_0586,23:15,push,TPL_0582,12:30,push
U0082,5,Ecommerce Social Engagers,trial,D19,4,TPL_0581,23:00,push,TPL_0585,13:30,push,TPL_0583,23:00,push,TPL_0582,14:00,push
U0082,5,Ecommerce Social Engagers,trial,D20,5,TPL_0589,23:00,push,TPL_0585,14:00,push,TPL_0590,21:00,push,TPL_0581,13:45,push
U0082,5,Ecommerce Social Engagers,trial,D21,6,TPL_0574,22:00,push,TPL_0577,14:30,push,TPL_0580,22:15,push,TPL_0575,12:00,push
U0083,0,Ecommerce Needs Attention,trial,D55,0,TPL_0061,07:45,push,TPL_0070,11:00,push,TPL_0063,08:30,push,TPL_0068,11:15,push
U0083,0,Ecommerce Needs Attention,trial,D56,1,TPL_0097,07:00,push,TPL_0098,11:00,push,TPL_0099,07:00,push,TPL_0095,09:45,push
U0083,0,Ecommerce Needs Attention,trial,D57,2,TPL_0092,06:15,push,TPL_0100,10:15,push,TPL_0095,07:45,push,TPL_0097,10:15,push
U0083,0,Ecommerce Needs Attention,trial,D58,3,TPL_0081,06:45,push,TPL_0089,09:45,push,TPL_0083,07:15,push,TPL_0084,09:00,push
U0083,0,Ecommerce Needs Attention,trial,D59,4,TPL_0088,08:00,push,TPL_0084,09:45,push,TPL_0086,06:00,push,TPL_0082,11:00,push
U0083,0,Ecommerce Needs Attention,trial,D60,5,TPL_0082,08:00,push,TPL_0084,10:15,push,TPL_0088,07:30,push,TPL_0083,10:45,push
U0083,0,Ecommerce Needs Attention,trial,D61,6,TPL_0074,06:00,push,TPL_0080,09:00,push,TPL_0075,07:30,push,TPL_0071,11:30,push
U0084,0,Ecommerce Needs Attention,trial,D9,0,TPL_0069,07:00,push,TPL_0070,09:00,push,TPL_0064,06:15,push,TPL_0063,11:15,push
U0084,0,Ecommerce Needs Attention,trial,D10,1,TPL_0092,07:30,push,TPL_0100,10:30,push,TPL_0098,08:00,push,TPL_0099,10:30,push
U0084,0,Ecommerce Needs Attention,trial,D11,2,TPL_0098,06:00,push,TPL_0095,10:45,push,TPL_0092,07:30,push,TPL_0096,10:45,push
U0084,0,Ecommerce Needs Attention,trial,D12,3,TPL_0085,07:15,push,TPL_0084,09:15,push,TPL_0086,08:00,push,TPL_0082,09:00,push
U0084,0,Ecommerce Needs Attention,trial,D13,4,TPL_0086,07:45,push,TPL_0085,11:45,push,TPL_0090,06:45,push,TPL_0084,10:00,push
U0084,0,Ecommerce Needs Attention,trial,D14,5,TPL_0083,08:15,push,TPL_0081,10:45,push,TPL_0085,06:45,push,TPL_0086,10:00,push
U0084,0,Ecommerce Needs Attention,trial,D15,6,TPL_0073,06:30,push,TPL_0077,11:30,push,TPL_0080,06:15,push,TPL_0074,11:30,push
U0085,0,Ecommerce Needs Attention,trial,D29,0,TPL_0067,08:00,push,TPL_0061,10:15,push,TPL_0070,07:30,push,TPL_0063,11:45,push
U0085,0,Ecommerce Needs Attention,trial,D30,1,TPL_0092,06:00,push,TPL_0095,09:15,push,TPL_0098,08:45,push,TPL_0093,10:15,push
U0085,0,Ecommerce Needs Attention,trial,D31,2,TPL_0098,06:45,push,TPL_0094,10:15,push,TPL_0099,07:30,push,TPL_0100,09:15,push
U0085,0,Ecommerce Needs Attention,trial,D32,3,TPL_0082,08:45,push,TPL_0086,10:15,push,TPL_0090,06:45,push,TPL_0084,10:45,push
U0085,0,Ecommerce Needs Attention,trial,D33,4,TPL_0083,06:45,push,TPL_0085,10:30,push,TPL_0081,06:45,push,TPL_0090,11:00,push
U0085,0,Ecommerce Needs Attention,trial,D34,5,TPL_0085,06:45,push,TPL_0088,10:00,push,TPL_0089,08:00,push,TPL_0082,09:30,push
U0085,0,Ecommerce Needs Attention,trial,D35,6,TPL_0080,08:15,push,TPL_0074,11:45,push,TPL_0072,07:30,push,TPL_0077,09:15,push
U0086,3,Ecommerce Segment 3,paid,D24,0,TPL_0356,16:30,push,TPL_0357,08:45,push,TPL_0354,17:30,push,TPL_0353,08:45,push
U0086,3,Ecommerce Segment 3,paid,D25,1,TPL_0351,15:00,push,TPL_0356,08:15,push,TPL_0359,15:30,push,TPL_0352,07:30,push
U0086,3,Ecommerce Segment 3,paid,D26,2,TPL_0360,17:30,push,TPL_0357,08:00,push,TPL_0356,15:15,push,TPL_0355,07:15,push
U0086,3,Ecommerce Segment 3,paid,D27,3,TPL_0355,17:45,push,TPL_0360,06:30,push,TPL_0352,17:15,push,TPL_0354,06:00,push
U0086,3,Ecommerce Segment 3,paid,D28,4,TPL_0355,16:15,push,TPL_0351,07:15,push,TPL_0354,17:30,push,TPL_0352,06:45,push
U0086,3,Ecommerce Segment 3,paid,D29,5,TPL_0356,15:00,push,TPL_0354,07:45,push,TPL_0353,17:15,push,TPL_0359,07:00,push
U0086,3,Ecommerce Segment 3,paid,D30,6,TPL_0351,17:00,push,TPL_0356,08:45,push,TPL_0355,17:45,push,TPL_0358,08:15,push
U0087,0,Ecommerce Needs Attention,paid,D83,0,TPL_0051,08:15,push,TPL_0060,11:15,push,TPL_0055,06:45,push,TPL_0054,11:30,push
U0087,0,Ecommerce Needs Attention,paid,D84,1,TPL_0056,08:45,push,TPL_0051,10:15,push,TPL_0057,07:45,push,TPL_0058,10:30,push
U0087,0,Ecommerce Needs Attention,paid,D85,2,TPL_0057,07:15,push,TPL_0060,09:45,push,TPL_0055,08:30,push,TPL_0058,11:30,push
U0087,0,Ecommerce Needs Attention,paid,D86,3,TPL_0053,08:15,push,TPL_0060,09:15,push,TPL_0058,08:30,push,TPL_0056,11:30,push
U0087,0,Ecommerce Needs Attention,paid,D87,4,TPL_0056,08:15,push,TPL_0057,11:15,push,TPL_0059,08:30,push,TPL_0058,11:00,push
U0087,0,Ecommerce Needs Attention,paid,D88,5,TPL_0059,07:45,push,TPL_0058,11:45,push,TPL_0056,08:30,push,TPL_0057,10:00,push
U0087,0,Ecommerce Needs Attention,paid,D89,6,TPL_0053,08:00,push,TPL_0052,09:45,push,TPL_0058,06:00,push,TPL_0056,11:00,push
U0088,1,Ecommerce At-Risk Users,churned,D4,0,TPL_0110,18:30,push,TPL_0104,06:30,push,TPL_0107,20:30,push,TPL_0105,06:00,push
U0088,1,Ecommerce At-Risk Users,churned,D5,1,TPL_0110,20:30,push,TPL_0108,06:00,push,TPL_0105,19:45,push,TPL_0101,06:15,push
U0088,1,Ecommerce At-Risk Users,churned,D6,2,TPL_0103,20:45,push,TPL_0107,06:30,push,TPL_0104,20:00,push,TPL_0110,07:45,push
U0088,1,Ecommerce At-Risk Users,churned,D7,3,TPL_0103,19:30,push,TPL_0110,08:00,push,TPL_0102,18:30,push,TPL_0104,06:45,push
U0088,1,Ecommerce At-Risk Users,churned,D8,4,TPL_0110,18:30,push,TPL_0102,08:15,push,TPL_0103,20:15,push,TPL_0107,07:45,push
U0088,1,Ecommerce At-Risk Users,churned,D9,5,TPL_0105,18:00,push,TPL_0102,06:15,push,TPL_0101,20:00,push,TPL_0108,07:00,push
U0088,1,Ecommerce At-Risk Users,churned,D10,6,TPL_0103,19:30,push,TPL_0104,08:30,push,TPL_0105,18:15,push,TPL_0110,08:30,push
U0089,0,Ecommerce Needs Attention,paid,D64,0,TPL_0056,06:30,push,TPL_0053,10:15,push,TPL_0054,06:15,push,TPL_0058,10:00,push
U0089,0,Ecommerce Needs Attention,paid,D65,1,TPL_0051,08:30,push,TPL_0059,10:30,push,TPL_0056,06:30,push,TPL_0054,11:15,push
U0089,0,Ecommerce Needs Attention,paid,D66,2,TPL_0060,06:00,push,TPL_0056,11:15,push,TPL_0055,07:45,push,TPL_0057,09:30,push
U0089,0,Ecommerce Needs Attention,paid,D67,3,TPL_0051,06:15,push,TPL_0052,11:30,push,TPL_0054,07:30,push,TPL_0060,10:15,push
U0089,0,Ecommerce Needs Attention,paid,D68,4,TPL_0058,08:45,push,TPL_0055,11:00,push,TPL_0059,06:30,push,TPL_0051,10:15,push
U0089,0,Ecommerce Needs Attention,paid,D69,5,TPL_0055,08:15,push,TPL_0056,09:30,push,TPL_0059,07:00,push,TPL_0060,10:30,push
U0089,0,Ecommerce Needs Attention,paid,D70,6,TPL_0060,08:30,push,TPL_0051,09:30,push,TPL_0052,08:45,push,TPL_0054,10:00,push
U0090,3,Ecommerce Segment 3,trial,D48,0,TPL_0365,16:15,push,TPL_0361,07:00,push,TPL_0362,15:15,push,TPL_0369,08:00,push
U0090,3,Ecommerce Segment 3,trial,D49,1,TPL_0400,17:00,push,TPL_0391,06:15,push,TPL_0398,17:45,push,TPL_0396,06:15,push
U0090,3,Ecommerce Segment 3,trial,D50,2,TPL_0391,17:45,push,TPL_0397,08:00,push,TPL_0393,17:15,push,TPL_0398,06:45,push
U0090,3,Ecommerce Segment 3,trial,D51,3,TPL_0382,17:30,push,TPL_0386,06:00,push,TPL_0385,15:00,push,TPL_0381,06:30,push
U0090,3,Ecommerce Segment 3,trial,D52,4,TPL_0387,17:00,push,TPL_0384,08:15,push,TPL_0382,16:45,push,TPL_0386,07:45,push
U0090,3,Ecommerce Segment 3,trial,D53,5,TPL_0386,17:45,push,TPL_0383,07:30,push,TPL_0385,15:45,push,TPL_0388,08:00,push
U0090,3,Ecommerce Segment 3,trial,D54,6,TPL_0378,17:00,push,TPL_0377,08:00,push,TPL_0372,17:00,push,TPL_0374,08:00,push
U0091,1,Ecommerce At-Risk Users,paid,D2,0,TPL_0156,19:00,push,TPL_0154,07:30,push,TPL_0153,20:00,push,TPL_0159,07:45,push
U0091,1,Ecommerce At-Risk Users,paid,D3,1,TPL_0151,19:45,push,TPL_0157,08:00,push,TPL_0156,19:15,push,TPL_0160,08:15,push
U0091,1,Ecommerce At-Risk Users,paid,D4,2,TPL_0157,18:45,push,TPL_0158,08:30,push,TPL_0153,20:15,push,TPL_0152,07:30,push
U0091,1,Ecommerce At-Risk Users,paid,D5,3,TPL_0154,18:15,push,TPL_0151,06:00,push,TPL_0153,18:45,push,TPL_0156,08:00,push
U0091,1,Ecommerce At-Risk Users,paid,D6,4,TPL_0153,19:15,push,TPL_0155,08:30,push,TPL_0151,18:45,push,TPL_0157,08:15,push
U0091,1,Ecommerce At-Risk Users,paid,D7,5,TPL_0155,18:15,push,TPL_0152,06:30,push,TPL_0153,18:00,push,TPL_0156,06:00,push
U0091,1,Ecommerce At-Risk Users,paid,D8,6,TPL_0160,20:45,push,TPL_0158,08:00,push,TPL_0151,19:00,push,TPL_0153,07:00,push
U0092,0,Ecommerce Needs Attention,churned,D44,0,TPL_0009,06:45,push,TPL_0003,10:30,push,TPL_0010,06:15,push,TPL_0002,09:30,push
U0092,0,Ecommerce Needs Attention,churned,D45,1,TPL_0008,08:00,push,TPL_0003,09:30,push,TPL_0004,07:45,push,TPL_0006,10:30,push
U0092,0,Ecommerce Needs Attention,churned,D46,2,TPL_0009,08:15,push,TPL_0008,11:30,push,TPL_0002,07:45,push,TPL_0007,09:00,push
U0092,0,Ecommerce Needs Attention,churned,D47,3,TPL_0007,07:15,push,TPL_0004,09:45,push,TPL_0005,07:30,push,TPL_0010,09:30,push
U0092,0,Ecommerce Needs Attention,churned,D48,4,TPL_0005,07:45,push,TPL_0010,10:30,push,TPL_0006,07:45,push,TPL_0003,11:00,push
U0092,0,Ecommerce Needs Attention,churned,D49,5,TPL_0004,06:00,push,TPL_0010,10:15,push,TPL_0002,08:15,push,TPL_0005,10:00,push
U0092,0,Ecommerce Needs Attention,churned,D50,6,TPL_0003,08:00,push,TPL_0001,09:00,push,TPL_0008,08:45,push,TPL_0007,11:15,push
U0093,2,Ecommerce Social Engagers,paid,D13,0,TPL_0255,12:30,push,TPL_0259,23:45,push,,,,,,
U0093,2,Ecommerce Social Engagers,paid,D14,1,TPL_0255,14:15,push,TPL_0257,22:45,push,,,,,,
U0093,2,Ecommerce Social Engagers,paid,D15,2,TPL_0254,12:30,push,TPL_0260,21:45,push,,,,,,
U0093,2,Ecommerce Social Engagers,paid,D16,3,TPL_0256,14:00,push,TPL_0253,22:30,push,,,,,,
U0093,2,Ecommerce Social Engagers,paid,D17,4,TPL_0257,14:00,push,TPL_0254,23:15,push,,,,,,
U0093,2,Ecommerce Social Engagers,paid,D18,5,TPL_0256,14:15,push,TPL_0258,23:15,push,,,,,,
U0093,2,Ecommerce Social Engagers,paid,D19,6,TPL_0253,13:15,push,TPL_0256,21:15,push,,,,,,
U0094,3,Ecommerce Segment 3,churned,D29,0,TPL_0308,17:45,push,TPL_0302,07:00,push,TPL_0303,15:45,push,TPL_0310,06:00,push
U0094,3,Ecommerce Segment 3,churned,D30,1,TPL_0309,16:30,push,TPL_0303,06:00,push,TPL_0305,17:15,push,TPL_0302,08:30,push
U0094,3,Ecommerce Segment 3,churned,D31,2,TPL_0302,16:45,push,TPL_0305,07:00,push,TPL_0301,15:30,push,TPL_0310,06:30,push
U0094,3,Ecommerce Segment 3,churned,D32,3,TPL_0307,17:30,push,TPL_0305,08:15,push,TPL_0310,16:45,push,TPL_0301,07:00,push
U0094,3,Ecommerce Segment 3,churned,D33,4,TPL_0306,17:30,push,TPL_0302,07:15,push,TPL_0303,17:45,push,TPL_0305,07:30,push
U0094,3,Ecommerce Segment 3,churned,D34,5,TPL_0303,16:45,push,TPL_0304,08:00,push,TPL_0306,17:15,push,TPL_0310,07:15,push
U0094,3,Ecommerce Segment 3,churned,D35,6,TPL_0310,15:00,push,TPL_0303,08:30,push,TPL_0308,15:15,push,TPL_0307,06:15,push
U0095,3,Ecommerce Segment 3,paid,D67,0,TPL_0355,16:00,push,TPL_0351,08:15,push,TPL_0359,16:30,push,TPL_0358,08:00,push
U0095,3,Ecommerce Segment 3,paid,D68,1,TPL_0359,16:45,push,TPL_0356,07:15,push,TPL_0352,17:15,push,TPL_0358,08:45,push
U0095,3,Ecommerce Segment 3,paid,D69,2,TPL_0359,15:15,push,TPL_0351,06:15,push,TPL_0352,17:15,push,TPL_0357,06:00,push
U0095,3,Ecommerce Segment 3,paid,D70,3,TPL_0351,17:15,push,TPL_0354,06:15,push,TPL_0356,16:15,push,TPL_0359,08:45,push
U0095,3,Ecommerce Segment 3,paid,D71,4,TPL_0356,17:00,push,TPL_0352,08:30,push,TPL_0360,15:15,push,TPL_0359,07:45,push
U0095,3,Ecommerce Segment 3,paid,D72,5,TPL_0360,16:15,push,TPL_0355,06:45,push,TPL_0357,17:15,push,TPL_0352,08:15,push
U0095,3,Ecommerce Segment 3,paid,D73,6,TPL_0356,17:30,push,TPL_0353,06:30,push,TPL_0360,16:00,push,TPL_0358,06:45,push
U0096,0,Ecommerce Needs Attention,paid,D17,0,TPL_0052,07:15,push,TPL_0058,09:00,push,TPL_0056,06:45,push,TPL_0059,09:00,push
U0096,0,Ecommerce Needs Attention,paid,D18,1,TPL_0054,06:45,push,TPL_0052,11:00,push,TPL_0060,08:00,push,TPL_0051,09:45,push
U0096,0,Ecommerce Needs Attention,paid,D19,2,TPL_0051,08:15,push,TPL_0059,11:00,push,TPL_0054,08:45,push,TPL_0052,11:45,push
U0096,0,Ecommerce Needs Attention,paid,D20,3,TPL_0053,07:00,push,TPL_0055,11:45,push,TPL_0057,06:45,push,TPL_0054,10:30,push
U0096,0,Ecommerce Needs Attention,paid,D21,4,TPL_0052,08:00,push,TPL_0059,10:15,push,TPL_0056,07:45,push,TPL_0060,09:00,push
U0096,0,Ecommerce Needs Attention,paid,D22,5,TPL_0055,07:45,push,TPL_0056,10:15,push,TPL_0058,06:00,push,TPL_0060,11:00,push
U0096,0,Ecommerce Needs Attention,paid,D23,6,TPL_0051,08:00,push,TPL_0060,10:15,push,TPL_0056,08:30,push,TPL_0058,10:30,push
U0097,5,Ecommerce Social Engagers,paid,D61,0,TPL_0555,21:15,push,TPL_0553,13:30,push,TPL_0560,22:45,push,TPL_0556,14:30,push
U0097,5,Ecommerce Social Engagers,paid,D62,1,TPL_0560,23:30,push,TPL_0551,14:45,push,TPL_0555,21:45,push,TPL_0556,14:45,push
U0097,5,Ecommerce Social Engagers,paid,D63,2,TPL_0555,21:30,push,TPL_0552,14:45,push,TPL_0553,22:30,push,TPL_0551,14:30,push
U0097,5,Ecommerce Social Engagers,paid,D64,3,TPL_0558,23:45,push,TPL_0559,14:15,push,TPL_0554,23:00,push,TPL_0551,14:15,push
U0097,5,Ecommerce Social Engagers,paid,D65,4,TPL_0556,22:15,push,TPL_0558,12:15,push,TPL_0551,23:45,push,TPL_0557,13:00,push
U0097,5,Ecommerce Social Engagers,paid,D66,5,TPL_0553,21:45,push,TPL_0557,14:00,push,TPL_0552,21:15,push,TPL_0559,13:45,push
U0097,5,Ecommerce Social Engagers,paid,D67,6,TPL_0552,21:00,push,TPL_0554,13:15,push,TPL_0555,22:00,push,TPL_0556,14:00,push
U0098,0,Ecommerce Needs Attention,trial,D36,0,TPL_0068,08:45,push,TPL_0061,10:30,push,TPL_0062,08:00,push,TPL_0069,09:45,push
U0098,0,Ecommerce Needs Attention,trial,D37,1,TPL_0092,07:00,push,TPL_0094,09:30,push,TPL_0100,06:00,push,TPL_0096,11:15,push
U0098,0,Ecommerce Needs Attention,trial,D38,2,TPL_0097,08:15,push,TPL_0091,11:00,push,TPL_0095,07:15,push,TPL_0094,11:00,push
U0098,0,Ecommerce Needs Attention,trial,D39,3,TPL_0086,06:00,push,TPL_0082,10:45,push,TPL_0090,07:45,push,TPL_0089,10:15,push
U0098,0,Ecommerce Needs Attention,trial,D40,4,TPL_0084,08:00,push,TPL_0082,11:00,push,TPL_0088,06:30,push,TPL_0089,11:30,push
U0098,0,Ecommerce Needs Attention,trial,D41,5,TPL_0088,07:30,push,TPL_0086,09:15,push,TPL_0090,07:45,push,TPL_0083,11:00,push
U0098,0,Ecommerce Needs Attention,trial,D42,6,TPL_0080,07:15,push,TPL_0079,10:00,push,TPL_0075,08:00,push,TPL_0077,11:30,push
U0099,5,Ecommerce Social Engagers,trial,D24,0,TPL_0569,22:00,push,TPL_0562,14:30,push,TPL_0565,23:30,push,TPL_0566,14:45,push
U0099,5,Ecommerce Social Engagers,trial,D25,1,TPL_0592,22:45,push,TPL_0600,12:30,push,TPL_0593,22:45,push,TPL_0599,14:00,push
U0099,5,Ecommerce Social Engagers,trial,D26,2,TPL_0593,22:00,push,TPL_0598,13:00,push,TPL_0592,22:15,push,TPL_0596,14:15,push
U0099,5,Ecommerce Social Engagers,trial,D27,3,TPL_0582,22:45,push,TPL_0584,13:00,push,TPL_0587,23:30,push,TPL_0588,12:30,push
U0099,5,Ecommerce Social Engagers,trial,D28,4,TPL_0585,21:45,push,TPL_0583,14:30,push,TPL_0584,21:15,push,TPL_0586,13:30,push
U0099,5,Ecommerce Social Engagers,trial,D29,5,TPL_0584,22:15,push,TPL_0587,14:30,push,TPL_0585,21:15,push,TPL_0581,13:15,push
U0099,5,Ecommerce Social Engagers,trial,D30,6,TPL_0577,21:15,push,TPL_0575,13:15,push,TPL_0574,21:15,push,TPL_0580,12:30,push
