user_id,segment_id,segment_name,lifecycle_stage,lifecycle_day,day_offset,notif_1_template_id,notif_1_time,notif_1_channel,notif_2_template_id,notif_2_time,notif_2_channel,notif_3_template_id,notif_3_time,notif_3_channel,notif_4_template_id,notif_4_time,notif_4_channel,notif_5_template_id,notif_5_time,notif_5_channel,notif_6_template_id,notif_6_time,notif_6_channel
U0000,0,Ecommerce Needs Attention,trial,D46,0,TPL_0065,17:00,push,TPL_0067,18:30,push,TPL_0069,15:15,push,TPL_0062,18:00,push,,,,,,
U0000,0,Ecommerce Needs Attention,trial,D47,1,TPL_0094,17:00,push,TPL_0093,20:45,push,TPL_0097,15:00,push,TPL_0096,18:15,push,,,,,,
U0000,0,Ecommerce Needs Attention,trial,D48,2,TPL_0100,15:00,push,TPL_0092,20:15,push,TPL_0095,17:45,push,TPL_0093,18:45,push,,,,,,
U0000,0,Ecommerce Needs Attention,trial,D49,3,TPL_0083,17:30,push,TPL_0081,18:15,push,TPL_0086,17:45,push,TPL_0085,19:30,push,,,,,,
U0000,0,Ecommerce Needs Attention,trial,D50,4,TPL_0084,15:15,push,TPL_0082,19:00,push,TPL_0086,15:45,push,TPL_0089,18:30,push,,,,,,
U0000,0,Ecommerce Needs Attention,trial,D51,5,TPL_0086,16:30,push,TPL_0085,18:45,push,TPL_0090,17:00,push,TPL_0088,19:00,push,,,,,,
U0000,0,Ecommerce Needs Attention,trial,D52,6,TPL_0077,17:30,push,TPL_0076,20:30,push,TPL_0071,17:15,push,TPL_0080,20:00,push,,,,,,
U0001,0,Ecommerce Needs Attention,inactive,D11,0,TPL_0012,15:15,push,TPL_0015,19:00,push,TPL_0014,15:00,push,TPL_0018,19:30,push,,,,,,
U0001,0,Ecommerce Needs Attention,inactive,D12,1,TPL_0018,16:30,push,TPL_0019,18:30,push,TPL_0020,16:15,push,TPL_0017,20:30,push,,,,,,
U0001,0,Ecommerce Needs Attention,inactive,D13,2,TPL_0014,17:00,push,TPL_0017,20:15,push,TPL_0013,17:15,push,TPL_0011,18:45,push,,,,,,
U0001,0,Ecommerce Needs Attention,inactive,D14,3,TPL_0018,16:30,push,TPL_0015,20:15,push,TPL_0012,17:30,push,TPL_0020,18:15,push,,,,,,
U0001,0,Ecommerce Needs Attention,inactive,D15,4,TPL_0020,15:30,push,TPL_0013,19:30,push,TPL_0014,15:15,push,TPL_0017,20:30,push,,,,,,
U0001,0,Ecommerce Needs Attention,inactive,D16,5,TPL_0017,15:45,push,TPL_0012,19:45,push,TPL_0011,15:30,push,TPL_0018,18:15,push,,,,,,
U0001,0,Ecommerce Needs Attention,inactive,D17,6,TPL_0014,17:30,push,TPL_0017,20:45,push,TPL_0015,17:45,push,TPL_0012,19:15,push,,,,,,
U0002,0,Ecommerce Needs Attention,paid,D61,0,TPL_0055,15:45,push,TPL_0053,18:00,push,TPL_0052,15:15,push,TPL_0059,20:15,push,,,,,,
U0002,0,Ecommerce Needs Attention,paid,D62,1,TPL_0052,17:45,push,TPL_0051,20:00,push,TPL_0053,16:45,push,TPL_0055,20:45,push,,,,,,
U0002,0,Ecommerce Needs Attention,paid,D63,2,TPL_0051,17:30,push,TPL_0054,20:00,push,TPL_0056,17:00,push,TPL_0053,20:30,push,,,,,,
U0002,0,Ecommerce Needs Attention,paid,D64,3,TPL_0055,17:30,push,TPL_0052,18:30,push,TPL_0051,16:15,push,TPL_0057,19:00,push,,,,,,
U0002,0,Ecommerce Needs Attention,paid,D65,4,TPL_0057,17:30,push,TPL_0052,20:15,push,TPL_0059,17:00,push,TPL_0053,20:30,push,,,,,,
U0002,0,Ecommerce Needs Attention,paid,D66,5,TPL_0058,17:15,push,TPL_0060,18:30,push,TPL_0051,15:00,push,TPL_0057,20:30,push,,,,,,
U0002,0,Ecommerce Needs Attention,paid,D67,6,TPL_0058,16:00,push,TPL_0059,18:30,push,TPL_0051,16:15,push,TPL_0056,18:15,push,,,,,,
U0003,2,Ecommerce Social Engagers,paid,D79,0,TPL_0256,08:00,push,TPL_0251,09:45,push,TPL_0253,06:15,push,TPL_0258,09:45,push,,,,,,
U0003,2,Ecommerce Social Engagers,paid,D80,1,TPL_0252,08:15,push,TPL_0259,10:45,push,TPL_0257,06:15,push,TPL_0251,11:30,push,,,,,,
U0003,2,Ecommerce Social Engagers,paid,D81,2,TPL_0259,07:30,push,TPL_0252,10:45,push,TPL_0257,06:15,push,TPL_0253,09:00,push,,,,,,
U0003,2,Ecommerce Social Engagers,paid,D82,3,TPL_0256,07:00,push,TPL_0255,11:15,push,TPL_0253,08:15,push,TPL_0259,09:00,push,,,,,,
U0003,2,Ecommerce Social Engagers,paid,D83,4,TPL_0251,08:00,push,TPL_0252,09:00,push,TPL_0256,06:30,push,TPL_0253,09:15,push,,,,,,
U0003,2,Ecommerce Social Engagers,paid,D84,5,TPL_0258,07:45,push,TPL_0254,09:15,push,TPL_0260,08:45,push,TPL_0259,09:45,push,,,,,,
U0003,2,Ecommerce Social Engagers,paid,D85,6,TPL_0255,07:15,push,TPL_0256,09:00,push,TPL_0258,08:45,push,TPL_0253,10:45,push,,,,,,
U0004,3,Ecommerce Segment 3,trial,D87,0,TPL_0365,13:45,push,TPL_0363,11:00,push,TPL_0368,14:00,push,TPL_0370,09:45,push,TPL_0369,14:30,push,TPL_0362,09:15,push
U0004,3,Ecommerce Segment 3,trial,D88,1,TPL_0398,12:15,push,TPL_0400,11:45,push,TPL_0397,12:45,push,TPL_0393,09:30,push,TPL_0394,13:15,push,TPL_0391,09:45,push
U0004,3,Ecommerce Segment 3,trial,D89,2,TPL_0398,14:00,push,TPL_0400,09:00,push,TPL_0394,12:15,push,TPL_0395,09:45,push,TPL_0392,13:45,push,TPL_0397,09:45,push
U0004,3,Ecommerce Segment 3,trial,D90,3,TPL_0383,12:15,push,TPL_0382,10:00,push,TPL_0381,13:30,push,TPL_0386,10:30,push,TPL_0389,13:45,push,TPL_0384,09:15,push
U0004,3,Ecommerce Segment 3,trial,D91,4,TPL_0382,13:15,push,TPL_0381,09:00,push,TPL_0384,14:30,push,TPL_0387,09:00,push,TPL_0383,14:45,push,TPL_0386,11:15,push
U0004,3,Ecommerce Segment 3,trial,D92,5,TPL_0382,12:00,push,TPL_0384,09:00,push,TPL_0389,14:00,push,TPL_0385,11:15,push,TPL_0383,13:00,push,TPL_0381,11:15,push
U0004,3,Ecommerce Segment 3,trial,D93,6,TPL_0380,14:00,push,TPL_0375,11:00,push,TPL_0378,13:30,push,TPL_0372,10:15,push,TPL_0373,14:30,push,TPL_0374,09:30,push
U0005,2,Ecommerce Social Engagers,trial,D82,0,TPL_0267,07:15,push,TPL_0262,11:30,push,TPL_0264,07:30,push,TPL_0261,09:00,push,,,,,,
U0005,2,Ecommerce Social Engagers,trial,D83,1,TPL_0294,07:00,push,TPL_0300,09:15,push,TPL_0299,08:30,push,TPL_0293,09:30,push,,,,,,
U0005,2,Ecommerce Social Engagers,trial,D84,2,TPL_0294,06:15,push,TPL_0293,10:30,push,TPL_0295,06:45,push,TPL_0299,11:30,push,,,,,,
U0005,2,Ecommerce Social Engagers,trial,D85,3,TPL_0290,08:00,push,TPL_0284,11:30,push,TPL_0289,08:00,push,TPL_0283,09:30,push,,,,,,
U0005,2,Ecommerce Social Engagers,trial,D86,4,TPL_0286,06:00,push,TPL_0290,11:15,push,TPL_0289,07:30,push,TPL_0282,11:15,push,,,,,,
U0005,2,Ecommerce Social Engagers,trial,D87,5,TPL_0282,08:30,push,TPL_0281,09:30,push,TPL_0289,08:45,push,TPL_0285,10:00,push,,,,,,
U0005,2,Ecommerce Social Engagers,trial,D88,6,TPL_0280,06:45,push,TPL_0272,10:00,push,TPL_0274,06:30,push,TPL_0275,09:30,push,,,,,,
U0006,2,Ecommerce Social Engagers,trial,D7,0,TPL_0268,06:45,push,TPL_0261,11:45,push,TPL_0264,08:00,push,TPL_0269,09:00,push,,,,,,
U0006,2,Ecommerce Social Engagers,trial,D8,1,TPL_0293,08:15,push,TPL_0297,11:00,push,TPL_0299,07:15,push,TPL_0292,10:15,push,,,,,,
U0006,2,Ecommerce Social Engagers,trial,D9,2,TPL_0295,06:30,push,TPL_0299,10:00,push,TPL_0294,07:15,push,TPL_0300,11:15,push,,,,,,
U0006,2,Ecommerce Social Engagers,trial,D10,3,TPL_0285,08:00,push,TPL_0287,10:45,push,TPL_0289,08:15,push,TPL_0283,09:15,push,,,,,,
U0006,2,Ecommerce Social Engagers,trial,D11,4,TPL_0281,06:45,push,TPL_0286,09:15,push,TPL_0288,08:30,push,TPL_0290,10:15,push,,,,,,
U0006,2,Ecommerce Social Engagers,trial,D12,5,TPL_0289,07:15,push,TPL_0286,11:00,push,TPL_0284,07:00,push,TPL_0287,10:15,push,,,,,,
U0006,2,Ecommerce Social Engagers,trial,D13,6,TPL_0272,06:45,push,TPL_0275,10:30,push,TPL_0273,06:15,push,TPL_0277,09:15,push,,,,,,
U0007,0,Ecommerce Needs Attention,churned,D20,0,TPL_0010,16:30,push,TPL_0007,19:00,push,TPL_0003,16:30,push,TPL_0006,20:45,push,,,,,,
U0007,0,Ecommerce Needs Attention,churned,D21,1,TPL_0010,17:30,push,TPL_0006,18:00,push,TPL_0003,16:15,push,TPL_0008,20:30,push,,,,,,
U0007,0,Ecommerce Needs Attention,churned,D22,2,TPL_0004,15:00,push,TPL_0001,20:45,push,TPL_0002,16:30,push,TPL_0003,19:00,push,,,,,,
U0007,0,Ecommerce Needs Attention,churned,D23,3,TPL_0001,16:15,push,TPL_0002,19:00,push,TPL_0005,17:45,push,TPL_0007,18:15,push,,,,,,
U0007,0,Ecommerce Needs Attention,churned,D24,4,TPL_0002,16:45,push,TPL_0008,18:30,push,TPL_0007,17:30,push,TPL_0010,20:00,push,,,,,,
U0007,0,Ecommerce Needs Attention,churned,D25,5,TPL_0009,17:30,push,TPL_0004,20:30,push,TPL_0010,17:45,push,TPL_0003,19:45,push,,,,,,
U0007,0,Ecommerce Needs Attention,churned,D26,6,TPL_0010,17:30,push,TPL_0006,20:15,push,TPL_0004,15:45,push,TPL_0007,20:45,push,,,,,,
U0008,3,Ecommerce Segment 3,paid,D80,0,TPL_0351,14:15,push,TPL_0357,11:30,push,TPL_0352,13:00,push,TPL_0358,10:30,push,TPL_0353,12:45,push,TPL_0359,11:30,push
U0008,3,Ecommerce Segment 3,paid,D81,1,TPL_0355,13:45,push,TPL_0356,10:15,push,TPL_0353,14:45,push,TPL_0354,11:15,push,TPL_0357,14:00,push,TPL_0359,10:30,push
U0008,3,Ecommerce Segment 3,paid,D82,2,TPL_0358,12:15,push,TPL_0353,11:30,push,TPL_0360,12:15,push,TPL_0356,09:00,push,TPL_0354,12:15,push,TPL_0351,10:00,push
U0008,3,Ecommerce Segment 3,paid,D83,3,TPL_0356,13:45,push,TPL_0357,11:15,push,TPL_0359,14:45,push,TPL_0354,10:45,push,TPL_0352,12:15,push,TPL_0351,11:00,push
U0008,3,Ecommerce Segment 3,paid,D84,4,TPL_0355,12:45,push,TPL_0353,09:15,push,TPL_0351,14:45,push,TPL_0356,09:15,push,TPL_0352,12:45,push,TPL_0354,09:45,push
U0008,3,Ecommerce Segment 3,paid,D85,5,TPL_0358,14:30,push,TPL_0360,10:45,push,TPL_0354,14:45,push,TPL_0356,09:45,push,TPL_0355,13:30,push,TPL_0357,09:30,push
U0008,3,Ecommerce Segment 3,paid,D86,6,TPL_0355,14:45,push,TPL_0357,11:15,push,TPL_0354,13:45,push,TPL_0359,09:30,push,TPL_0353,12:30,push,TPL_0360,10:30,push
U0009,0,Ecommerce Needs Attention,paid,D86,0,TPL_0056,17:00,push,TPL_0051,18:15,push,TPL_0053,15:45,push,TPL_0054,20:15,push,,,,,,
U0009,0,Ecommerce Needs Attention,paid,D87,1,TPL_0054,17:15,push,TPL_0060,18:45,push,TPL_0051,16:30,push,TPL_0056,20:45,push,,,,,,
U0009,0,Ecommerce Needs Attention,paid,D88,2,TPL_0056,16:00,push,TPL_0058,18:45,push,TPL_0053,16:00,push,TPL_0054,20:45,push,,,,,,
U0009,0,Ecommerce Needs Attention,paid,D89,3,TPL_0060,16:00,push,TPL_0053,19:30,push,TPL_0056,16:45,push,TPL_0057,20:15,push,,,,,,
U0009,0,Ecommerce Needs Attention,paid,D90,4,TPL_0059,16:15,push,TPL_0053,19:45,push,TPL_0054,16:00,push,TPL_0051,19:30,push,,,,,,
U0009,0,Ecommerce Needs Attention,paid,D91,5,TPL_0058,17:45,push,TPL_0057,20:15,push,TPL_0059,16:15,push,TPL_0051,20:00,push,,,,,,
U0009,0,Ecommerce Needs Attention,paid,D92,6,TPL_0056,16:00,push,TPL_0059,18:45,push,TPL_0053,15:45,push,TPL_0057,18:00,push,,,,,,
U0010,0,Ecommerce Needs Attention,trial,D79,0,TPL_0065,16:45,push,TPL_0067,19:15,push,TPL_0061,16:30,push,TPL_0069,19:45,push,,,,,,
U0010,0,Ecommerce Needs Attention,trial,D80,1,TPL_0097,16:45,push,TPL_0096,19:00,push,TPL_0091,16:00,push,TPL_0092,20:00,push,,,,,,
U0010,0,Ecommerce Needs Attention,trial,D81,2,TPL_0098,16:15,push,TPL_0095,20:00,push,TPL_0099,17:00,push,TPL_0100,18:15,push,,,,,,
U0010,0,Ecommerce Needs Attention,trial,D82,3,TPL_0081,15:00,push,TPL_0083,20:15,push,TPL_0082,15:15,push,TPL_0086,19:00,push,,,,,,
U0010,0,Ecommerce Needs Attention,trial,D83,4,TPL_0086,17:15,push,TPL_0085,19:30,push,TPL_0084,16:15,push,TPL_0082,20:00,push,,,,,,
U0010,0,Ecommerce Needs Attention,trial,D84,5,TPL_0083,15:30,push,TPL_0088,18:00,push,TPL_0087,16:45,push,TPL_0085,19:15,push,,,,,,
U0010,0,Ecommerce Needs Attention,trial,D85,6,TPL_0072,15:15,push,TPL_0079,18:30,push,TPL_0078,17:00,push,TPL_0073,20:00,push,,,,,,
U0011,3,Ecommerce Segment 3,inactive,D69,0,TPL_0320,13:45,push,TPL_0316,11:30,push,TPL_0317,12:30,push,TPL_0318,09:45,push,TPL_0313,13:00,push,TPL_0314,10:30,push
U0011,3,Ecommerce Segment 3,inactive,D70,1,TPL_0317,14:45,push,TPL_0313,11:15,push,TPL_0315,13:15,push,TPL_0312,11:30,push,TPL_0318,14:45,push,TPL_0311,10:45,push
U0011,3,Ecommerce Segment 3,inactive,D71,2,TPL_0320,14:30,push,TPL_0319,10:15,push,TPL_0314,12:30,push,TPL_0312,10:15,push,TPL_0316,13:45,push,TPL_0311,10:00,push
U0011,3,Ecommerce Segment 3,inactive,D72,3,TPL_0319,13:30,push,TPL_0320,09:45,push,TPL_0313,12:30,push,TPL_0314,10:30,push,TPL_0318,13:30,push,TPL_0311,11:00,push
U0011,3,Ecommerce Segment 3,inactive,D73,4,TPL_0311,14:15,push,TPL_0319,09:15,push,TPL_0316,14:45,push,TPL_0320,10:15,push,TPL_0315,14:45,push,TPL_0318,11:45,push
U0011,3,Ecommerce Segment 3,inactive,D74,5,TPL_0311,13:00,push,TPL_0317,09:30,push,TPL_0316,12:45,push,TPL_0312,11:15,push,TPL_0314,13:30,push,TPL_0319,10:30,push
U0011,3,Ecommerce Segment 3,inactive,D75,6,TPL_0312,13:30,push,TPL_0320,10:45,push,TPL_0315,13:30,push,TPL_0316,10:15,push,TPL_0319,12:15,push,TPL_0311,10:00,push
U0012,3,Ecommerce Segment 3,churned,D71,0,TPL_0305,14:15,push,TPL_0302,09:15,push,TPL_0306,14:45,push,TPL_0303,10:30,push,TPL_0304,12:15,push,TPL_0309,10:15,push
U0012,3,Ecommerce Segment 3,churned,D72,1,TPL_0310,13:15,push,TPL_0308,10:00,push,TPL_0307,14:15,push,TPL_0301,10:00,push,TPL_0306,12:30,push,TPL_0305,11:15,push
U0012,3,Ecommerce Segment 3,churned,D73,2,TPL_0301,14:45,push,TPL_0302,09:00,push,TPL_0309,14:30,push,TPL_0305,10:45,push,TPL_0304,13:30,push,TPL_0310,09:00,push
U0012,3,Ecommerce Segment 3,churned,D74,3,TPL_0303,13:45,push,TPL_0306,09:00,push,TPL_0310,13:45,push,TPL_0304,09:00,push,TPL_0309,12:15,push,TPL_0302,11:30,push
U0012,3,Ecommerce Segment 3,churned,D75,4,TPL_0310,12:15,push,TPL_0301,09:45,push,TPL_0304,14:15,push,TPL_0303,11:45,push,TPL_0306,13:45,push,TPL_0307,10:45,push
U0012,3,Ecommerce Segment 3,churned,D76,5,TPL_0305,13:00,push,TPL_0304,11:00,push,TPL_0310,12:15,push,TPL_0303,10:00,push,TPL_0309,12:15,push,TPL_0308,09:00,push
U0012,3,Ecommerce Segment 3,churned,D77,6,TPL_0303,12:00,push,TPL_0302,10:45,push,TPL_0304,14:45,push,TPL_0301,10:00,push,TPL_0305,12:30,push,TPL_0310,11:30,push
U0013,2,Ecommerce Social Engagers,trial,D24,0,TPL_0262,08:45,push,TPL_0263,09:15,push,TPL_0266,07:15,push,TPL_0268,10:00,push,,,,,,
U0013,2,Ecommerce Social Engagers,trial,D25,1,TPL_0292,08:15,push,TPL_0293,11:15,push,TPL_0298,07:15,push,TPL_0300,09:00,push,,,,,,
U0013,2,Ecommerce Social Engagers,trial,D26,2,TPL_0300,06:30,push,TPL_0291,11:30,push,TPL_0295,07:00,push,TPL_0293,10:30,push,,,,,,
U0013,2,Ecommerce Social Engagers,trial,D27,3,TPL_0289,08:45,push,TPL_0286,10:45,push,TPL_0285,07:00,push,TPL_0287,11:00,push,,,,,,
U0013,2,Ecommerce Social Engagers,trial,D28,4,TPL_0281,07:30,push,TPL_0288,11:30,push,TPL_0286,06:00,push,TPL_0284,09:00,push,,,,,,
U0013,2,Ecommerce Social Engagers,trial,D29,5,TPL_0281,08:30,push,TPL_0290,11:00,push,TPL_0289,06:45,push,TPL_0282,11:45,push,,,,,,
U0013,2,Ecommerce Social Engagers,trial,D30,6,TPL_0271,07:15,push,TPL_0275,11:45,push,TPL_0280,08:45,push,TPL_0277,09:45,push,,,,,,
U0014,2,Ecommerce Social Engagers,trial,D81,0,TPL_0268,07:45,push,TPL_0269,10:30,push,TPL_0263,08:00,push,TPL_0265,09:30,push,,,,,,
U0014,2,Ecommerce Social Engagers,trial,D82,1,TPL_0293,07:45,push,TPL_0291,10:45,push,TPL_0297,08:00,push,TPL_0300,10:00,push,,,,,,
U0014,2,Ecommerce Social Engagers,trial,D83,2,TPL_0299,07:30,push,TPL_0295,10:00,push,TPL_0294,07:00,push,TPL_0297,11:45,push,,,,,,
U0014,2,Ecommerce Social Engagers,trial,D84,3,TPL_0290,07:00,push,TPL_0282,09:30,push,TPL_0281,08:45,push,TPL_0284,11:45,push,,,,,,
U0014,2,Ecommerce Social Engagers,trial,D85,4,TPL_0281,06:15,push,TPL_0284,10:15,push,TPL_0287,07:45,push,TPL_0290,11:45,push,,,,,,
U0014,2,Ecommerce Social Engagers,trial,D86,5,TPL_0283,06:00,push,TPL_0287,11:15,push,TPL_0282,08:15,push,TPL_0288,10:00,push,,,,,,
U0014,2,Ecommerce Social Engagers,trial,D87,6,TPL_0274,08:45,push,TPL_0273,09:15,push,TPL_0272,06:45,push,TPL_0271,09:15,push,,,,,,
U0015,0,Ecommerce Needs Attention,trial,D88,0,TPL_0061,16:30,push,TPL_0065,20:30,push,TPL_0062,16:45,push,TPL_0068,19:15,push,,,,,,
U0015,0,Ecommerce Needs Attention,trial,D89,1,TPL_0095,16:15,push,TPL_0098,19:15,push,TPL_0094,17:15,push,TPL_0096,18:30,push,,,,,,
U0015,0,Ecommerce Needs Attention,trial,D90,2,TPL_0099,16:30,push,TPL_0091,20:30,push,TPL_0095,15:30,push,TPL_0097,20:30,push,,,,,,
U0015,0,Ecommerce Needs Attention,trial,D91,3,TPL_0084,17:45,push,TPL_0087,18:45,push,TPL_0081,17:45,push,TPL_0082,19:30,push,,,,,,
U0015,0,Ecommerce Needs Attention,trial,D92,4,TPL_0086,17:45,push,TPL_0090,19:30,push,TPL_0081,15:15,push,TPL_0089,20:45,push,,,,,,
U0015,0,Ecommerce Needs Attention,trial,D93,5,TPL_0085,15:45,push,TPL_0088,18:30,push,TPL_0084,17:45,push,TPL_0090,20:45,push,,,,,,
U0015,0,Ecommerce Needs Attention,trial,D94,6,TPL_0076,16:15,push,TPL_0079,19:00,push,TPL_0074,15:30,push,TPL_0073,18:45,push,,,,,,
U0016,0,Ecommerce Needs Attention,trial,D11,0,TPL_0064,15:45,push,TPL_0069,18:15,push,TPL_0068,16:15,push,TPL_0067,18:45,push,,,,,,
U0016,0,Ecommerce Needs Attention,trial,D12,1,TPL_0096,16:30,push,TPL_0098,20:45,push,TPL_0093,17:00,push,TPL_0094,19:45,push,,,,,,
U0016,0,Ecommerce Needs Attention,trial,D13,2,TPL_0094,16:45,push,TPL_0100,20:00,push,TPL_0095,17:00,push,TPL_0096,18:30,push,,,,,,
U0016,0,Ecommerce Needs Attention,trial,D14,3,TPL_0088,15:00,push,TPL_0087,19:00,push,TPL_0084,17:00,push,TPL_0090,19:15,push,,,,,,
U0016,0,Ecommerce Needs Attention,trial,D15,4,TPL_0089,17:30,push,TPL_0081,18:00,push,TPL_0082,16:00,push,TPL_0088,19:30,push,,,,,,
U0016,0,Ecommerce Needs Attention,trial,D16,5,TPL_0082,16:45,push,TPL_0087,18:15,push,TPL_0086,17:45,push,TPL_0081,20:15,push,,,,,,
U0016,0,Ecommerce Needs Attention,trial,D17,6,TPL_0071,15:15,push,TPL_0074,18:45,push,TPL_0073,17:15,push,TPL_0080,19:15,push,,,,,,
U0017,2,Ecommerce Social Engagers,paid,D14,0,TPL_0253,06:45,push,TPL_0254,11:30,push,TPL_0259,07:30,push,TPL_0255,11:00,push,,,,,,
U0017,2,Ecommerce Social Engagers,paid,D15,1,TPL_0253,07:30,push,TPL_0256,11:15,push,TPL_0258,06:45,push,TPL_0255,10:30,push,,,,,,
U0017,2,Ecommerce Social Engagers,paid,D16,2,TPL_0253,08:45,push,TPL_0256,11:30,push,TPL_0259,07:30,push,TPL_0258,09:45,push,,,,,,
U0017,2,Ecommerce Social Engagers,paid,D17,3,TPL_0256,07:00,push,TPL_0252,09:45,push,TPL_0254,08:30,push,TPL_0253,11:30,push,,,,,,
U0017,2,Ecommerce Social Engagers,paid,D18,4,TPL_0257,08:30,push,TPL_0252,09:45,push,TPL_0251,07:00,push,TPL_0253,11:00,push,,,,,,
U0017,2,Ecommerce Social Engagers,paid,D19,5,TPL_0254,08:45,push,TPL_0253,10:15,push,TPL_0255,08:30,push,TPL_0252,09:15,push,,,,,,
U0017,2,Ecommerce Social Engagers,paid,D20,6,TPL_0259,08:30,push,TPL_0253,11:15,push,TPL_0256,08:00,push,TPL_0255,11:00,push,,,,,,
U0018,5,Ecommerce Social Engagers,paid,D58,0,TPL_0556,13:45,push,TPL_0560,18:30,push,TPL_0555,14:15,push,TPL_0558,18:30,push,TPL_0553,13:45,push,TPL_0552,18:15,push
U0018,5,Ecommerce Social Engagers,paid,D59,1,TPL_0560,12:30,push,TPL_0551,20:30,push,TPL_0554,12:30,push,TPL_0557,19:30,push,TPL_0559,14:30,push,TPL_0553,18:45,push
U0018,5,Ecommerce Social Engagers,paid,D60,2,TPL_0553,12:15,push,TPL_0555,18:45,push,TPL_0551,14:30,push,TPL_0557,18:45,push,TPL_0554,12:30,push,TPL_0558,20:00,push
U0018,5,Ecommerce Social Engagers,paid,D61,3,TPL_0553,13:30,push,TPL_0560,20:30,push,TPL_0551,14:45,push,TPL_0558,20:30,push,TPL_0556,12:15,push,TPL_0554,19:00,push
U0018,5,Ecommerce Social Engagers,paid,D62,4,TPL_0556,14:30,push,TPL_0553,20:15,push,TPL_0552,14:00,push,TPL_0551,20:45,push,TPL_0558,14:30,push,TPL_0557,20:45,push
U0018,5,Ecommerce Social Engagers,paid,D63,5,TPL_0556,12:15,push,TPL_0553,18:00,push,TPL_0555,13:45,push,TPL_0554,18:00,push,TPL_0551,12:15,push,TPL_0560,19:45,push
U0018,5,Ecommerce Social Engagers,paid,D64,6,TPL_0553,13:45,push,TPL_0552,20:15,push,TPL_0560,13:00,push,TPL_0555,19:45,push,TPL_0558,13:00,push,TPL_0557,20:30,push
U0019,0,Ecommerce Needs Attention,trial,D25,0,TPL_0063,15:45,push,TPL_0062,19:15,push,TPL_0065,16:00,push,TPL_0064,20:30,push,,,,,,
U0019,0,Ecommerce Needs Attention,trial,D26,1,TPL_0098,17:30,push,TPL_0097,18:45,push,TPL_0093,16:15,push,TPL_0092,18:45,push,,,,,,
U0019,0,Ecommerce Needs Attention,trial,D27,2,TPL_0100,15:15,push,TPL_0094,20:00,push,TPL_0096,15:30,push,TPL_0098,18:15,push,,,,,,
U0019,0,Ecommerce Needs Attention,trial,D28,3,TPL_0087,17:15,push,TPL_0089,18:15,push,TPL_0084,17:15,push,TPL_0086,18:30,push,,,,,,
U0019,0,Ecommerce Needs Attention,trial,D29,4,TPL_0084,15:00,push,TPL_0083,19:15,push,TPL_0087,15:30,push,TPL_0086,18:00,push,,,,,,
U0019,0,Ecommerce Needs Attention,trial,D30,5,TPL_0084,17:00,push,TPL_0087,18:00,push,TPL_0088,16:15,push,TPL_0083,20:30,push,,,,,,
U0019,0,Ecommerce Needs Attention,trial,D31,6,TPL_0074,15:15,push,TPL_0080,19:00,push,TPL_0071,15:45,push,TPL_0075,20:00,push,,,,,,
U0020,0,Ecommerce Needs Attention,paid,D25,0,TPL_0057,17:00,push,TPL_0056,19:45,push,TPL_0053,16:00,push,TPL_0059,19:15,push,,,,,,
U0020,0,Ecommerce Needs Attention,paid,D26,1,TPL_0059,17:00,push,TPL_0054,20:30,push,TPL_0057,16:00,push,TPL_0058,18:45,push,,,,,,
U0020,0,Ecommerce Needs Attention,paid,D27,2,TPL_0058,16:45,push,TPL_0051,20:00,push,TPL_0053,16:45,push,TPL_0054,18:00,push,,,,,,
U0020,0,Ecommerce Needs Attention,paid,D28,3,TPL_0060,16:15,push,TPL_0059,18:15,push,TPL_0056,16:30,push,TPL_0051,19:30,push,,,,,,
U0020,0,Ecommerce Needs Attention,paid,D29,4,TPL_0054,16:45,push,TPL_0057,18:00,push,TPL_0059,17:15,push,TPL_0053,19:45,push,,,,,,
U0020,0,Ecommerce Needs Attention,paid,D30,5,TPL_0055,15:45,push,TPL_0057,19:45,push,TPL_0060,16:45,push,TPL_0058,20:00,push,,,,,,
U0020,0,Ecommerce Needs Attention,paid,D31,6,TPL_0056,16:45,push,TPL_0051,19:30,push,TPL_0055,16:15,push,TPL_0053,20:45,push,,,,,,
U0021,0,Ecommerce Needs Attention,trial,D46,0,TPL_0068,15:00,push,TPL_0069,18:00,push,TPL_0066,16:00,push,TPL_0062,20:30,push,,,,,,
U0021,0,Ecommerce Needs Attention,trial,D47,1,TPL_0096,15:00,push,TPL_0095,20:30,push,TPL_0097,17:00,push,TPL_0094,19:30,push,,,,,,
U0021,0,Ecommerce Needs Attention,trial,D48,2,TPL_0092,17:45,push,TPL_0093,20:00,push,TPL_0099,16:30,push,TPL_0094,19:00,push,,,,,,
U0021,0,Ecommerce Needs Attention,trial,D49,3,TPL_0081,17:15,push,TPL_0082,18:45,push,TPL_0088,15:00,push,TPL_0085,19:30,push,,,,,,
U0021,0,Ecommerce Needs Attention,trial,D50,4,TPL_0082,15:30,push,TPL_0090,20:15,push,TPL_0086,16:00,push,TPL_0089,20:30,push,,,,,,
U0021,0,Ecommerce Needs Attention,trial,D51,5,TPL_0090,15:15,push,TPL_0087,19:30,push,TPL_0089,16:30,push,TPL_0084,18:15,push,,,,,,
U0021,0,Ecommerce Needs Attention,trial,D52,6,TPL_0075,15:45,push,TPL_0079,18:15,push,TPL_0078,17:00,push,TPL_0080,18:15,push,,,,,,
U0022,0,Ecommerce Needs Attention,trial,D31,0,TPL_0066,16:45,push,TPL_0063,19:30,push,TPL_0068,15:30,push,TPL_0062,19:30,push,,,,,,
U0022,0,Ecommerce Needs Attention,trial,D32,1,TPL_0096,17:00,push,TPL_0094,18:15,push,TPL_0092,15:00,push,TPL_0097,20:00,push,,,,,,
U0022,0,Ecommerce Needs Attention,trial,D33,2,TPL_0096,16:45,push,TPL_0094,20:45,push,TPL_0098,16:45,push,TPL_0092,19:30,push,,,,,,
U0022,0,Ecommerce Needs Attention,trial,D34,3,TPL_0083,15:00,push,TPL_0086,19:45,push,TPL_0088,15:30,push,TPL_0085,20:45,push,,,,,,
U0022,0,Ecommerce Needs Attention,trial,D35,4,TPL_0087,17:30,push,TPL_0085,18:15,push,TPL_0089,16:00,push,TPL_0090,18:15,push,,,,,,
U0022,0,Ecommerce Needs Attention,trial,D36,5,TPL_0089,16:15,push,TPL_0081,18:30,push,TPL_0084,16:30,push,TPL_0087,18:00,push,,,,,,
U0022,0,Ecommerce Needs Attention,trial,D37,6,TPL_0071,16:45,push,TPL_0078,18:15,push,TPL_0072,16:15,push,TPL_0075,20:30,push,,,,,,
U0023,2,Ecommerce Social Engagers,trial,D9,0,TPL_0267,06:45,push,TPL_0262,11:00,push,TPL_0261,07:00,push,TPL_0264,10:00,push,,,,,,
U0023,2,Ecommerce Social Engagers,trial,D10,1,TPL_0300,07:45,push,TPL_0297,11:45,push,TPL_0295,08:45,push,TPL_0294,10:00,push,,,,,,
U0023,2,Ecommerce Social Engagers,trial,D11,2,TPL_0299,07:00,push,TPL_0292,10:15,push,TPL_0295,08:45,push,TPL_0296,11:30,push,,,,,,
U0023,2,Ecommerce Social Engagers,trial,D12,3,TPL_0283,06:45,push,TPL_0286,09:15,push,TPL_0282,07:45,push,TPL_0290,11:00,push,,,,,,
U0023,2,Ecommerce Social Engagers,trial,D13,4,TPL_0290,07:30,push,TPL_0288,11:30,push,TPL_0284,06:30,push,TPL_0285,09:00,push,,,,,,
U0023,2,Ecommerce Social Engagers,trial,D14,5,TPL_0284,08:00,push,TPL_0287,11:15,push,TPL_0282,07:30,push,TPL_0290,11:15,push,,,,,,
U0023,2,Ecommerce Social Engagers,trial,D15,6,TPL_0272,06:00,push,TPL_0275,09:30,push,TPL_0279,06:15,push,TPL_0278,11:15,push,,,,,,
U0024,0,Ecommerce Needs Attention,paid,D15,0,TPL_0054,17:00,push,TPL_0058,18:45,push,TPL_0059,16:45,push,TPL_0056,20:30,push,,,,,,
U0024,0,Ecommerce Needs Attention,paid,D16,1,TPL_0060,17:30,push,TPL_0056,18:45,push,TPL_0055,15:45,push,TPL_0054,19:30,push,,,,,,
U0024,0,Ecommerce Needs Attention,paid,D17,2,TPL_0052,16:00,push,TPL_0055,19:00,push,TPL_0059,16:45,push,TPL_0053,19:00,push,,,,,,
U0024,0,Ecommerce Needs Attention,paid,D18,3,TPL_0051,15:30,push,TPL_0056,19:00,push,TPL_0057,17:00,push,TPL_0052,20:45,push,,,,,,
U0024,0,Ecommerce Needs Attention,paid,D19,4,TPL_0052,16:00,push,TPL_0057,19:15,push,TPL_0053,16:45,push,TPL_0056,20:15,push,,,,,,
U0024,0,Ecommerce Needs Attention,paid,D20,5,TPL_0056,15:45,push,TPL_0058,18:30,push,TPL_0053,17:00,push,TPL_0059,20:15,push,,,,,,
U0024,0,Ecommerce Needs Attention,paid,D21,6,TPL_0051,15:15,push,TPL_0060,20:45,push,TPL_0057,16:15,push,TPL_0054,19:30,push,,,,,,
U0025,0,Ecommerce Needs Attention,churned,D70,0,TPL_0008,16:45,push,TPL_0003,19:30,push,TPL_0004,17:00,push,TPL_0001,20:30,push,,,,,,
U0025,0,Ecommerce Needs Attention,churned,D71,1,TPL_0003,15:30,push,TPL_0007,18:45,push,TPL_0008,16:30,push,TPL_0009,20:15,push,,,,,,
U0025,0,Ecommerce Needs Attention,churned,D72,2,TPL_0006,16:00,push,TPL_0009,20:15,push,TPL_0005,16:30,push,TPL_0003,20:45,push,,,,,,
U0025,0,Ecommerce Needs Attention,churned,D73,3,TPL_0003,15:00,push,TPL_0006,19:45,push,TPL_0007,17:30,push,TPL_0005,18:00,push,,,,,,
U0025,0,Ecommerce Needs Attention,churned,D74,4,TPL_0003,17:45,push,TPL_0010,20:30,push,TPL_0008,15:30,push,TPL_0001,19:15,push,,,,,,
U0025,0,Ecommerce Needs Attention,churned,D75,5,TPL_0005,15:30,push,TPL_0003,19:15,push,TPL_0001,15:15,push,TPL_0008,18:00,push,,,,,,
U0025,0,Ecommerce Needs Attention,churned,D76,6,TPL_0006,16:00,push,TPL_0005,20:00,push,TPL_0010,17:30,push,TPL_0008,20:15,push,,,,,,
U0026,5,Ecommerce Social Engagers,trial,D16,0,TPL_0568,14:45,push,TPL_0562,18:15,push,TPL_0564,12:15,push,TPL_0563,20:45,push,TPL_0570,12:45,push,TPL_0567,19:15,push
U0026,5,Ecommerce Social Engagers,trial,D17,1,TPL_0598,13:30,push,TPL_0591,20:45,push,TPL_0600,12:15,push,TPL_0594,19:45,push,TPL_0596,12:30,push,TPL_0595,20:45,push
U0026,5,Ecommerce Social Engagers,trial,D18,2,TPL_0591,13:30,push,TPL_0592,19:45,push,TPL_0595,12:15,push,TPL_0593,20:15,push,TPL_0599,13:00,push,TPL_0600,20:45,push
U0026,5,Ecommerce Social Engagers,trial,D19,3,TPL_0581,13:00,push,TPL_0587,20:00,push,TPL_0590,13:00,push,TPL_0589,18:30,push,TPL_0583,13:15,push,TPL_0588,19:00,push
U0026,5,Ecommerce Social Engagers,trial,D20,4,TPL_0584,12:45,push,TPL_0588,19:00,push,TPL_0585,13:00,push,TPL_0587,19:30,push,TPL_0582,12:45,push,TPL_0590,18:30,push
U0026,5,Ecommerce Social Engagers,trial,D21,5,TPL_0581,12:00,push,TPL_0582,19:00,push,TPL_0584,14:30,push,TPL_0583,18:15,push,TPL_0590,12:30,push,TPL_0585,19:15,push
U0026,5,Ecommerce Social Engagers,trial,D22,6,TPL_0576,14:45,push,TPL_0579,19:00,push,TPL_0571,12:00,push,TPL_0575,19:15,push,TPL_0580,12:45,push,TPL_0572,18:30,push
U0027,0,Ecommerce Needs Attention,paid,D22,0,TPL_0059,15:30,push,TPL_0055,18:00,push,TPL_0060,15:45,push,TPL_0056,20:45,push,,,,,,
U0027,0,Ecommerce Needs Attention,paid,D23,1,TPL_0051,15:00,push,TPL_0060,19:00,push,TPL_0057,17:15,push,TPL_0056,20:15,push,,,,,,
U0027,0,Ecommerce Needs Attention,paid,D24,2,TPL_0055,16:45,push,TPL_0054,18:30,push,TPL_0051,15:45,push,TPL_0056,18:00,push,,,,,,
U0027,0,Ecommerce Needs Attention,paid,D25,3,TPL_0052,17:30,push,TPL_0060,18:00,push,TPL_0053,16:45,push,TPL_0058,18:45,push,,,,,,
U0027,0,Ecommerce Needs Attention,paid,D26,4,TPL_0060,16:30,push,TPL_0058,20:00,push,TPL_0051,16:00,push,TPL_0054,19:15,push,,,,,,
U0027,0,Ecommerce Needs Attention,paid,D27,5,TPL_0056,17:00,push,TPL_0052,20:30,push,TPL_0059,15:00,push,TPL_0055,19:30,push,,,,,,
U0027,0,Ecommerce Needs Attention,paid,D28,6,TPL_0051,17:15,push,TPL_0060,20:45,push,TPL_0059,17:45,push,TPL_0052,20:15,push,,,,,,
U0028,3,Ecommerce Segment 3,paid,D25,0,TPL_0359,12:00,push,TPL_0354,11:45,push,TPL_0351,12:30,push,TPL_0357,09:00,push,TPL_0353,12:00,push,TPL_0352,10:30,push
U0028,3,Ecommerce Segment 3,paid,D26,1,TPL_0358,14:45,push,TPL_0351,11:45,push,TPL_0353,13:00,push,TPL_0354,11:15,push,TPL_0352,13:30,push,TPL_0360,09:30,push
U0028,3,Ecommerce Segment 3,paid,D27,2,TPL_0356,13:00,push,TPL_0352,10:45,push,TPL_0357,13:45,push,TPL_0353,10:30,push,TPL_0355,12:45,push,TPL_0351,11:45,push
U0028,3,Ecommerce Segment 3,paid,D28,3,TPL_0357,13:30,push,TPL_0351,09:45,push,TPL_0359,12:45,push,TPL_0352,11:15,push,TPL_0353,14:30,push,TPL_0356,10:00,push
U0028,3,Ecommerce Segment 3,paid,D29,4,TPL_0356,12:30,push,TPL_0360,11:30,push,TPL_0352,13:45,push,TPL_0357,11:45,push,TPL_0359,12:45,push,TPL_0358,10:45,push
U0028,3,Ecommerce Segment 3,paid,D30,5,TPL_0354,12:30,push,TPL_0353,11:45,push,TPL_0352,13:00,push,TPL_0359,09:45,push,TPL_0351,13:15,push,TPL_0360,09:15,push
U0028,3,Ecommerce Segment 3,paid,D31,6,TPL_0360,14:45,push,TPL_0354,09:15,push,TPL_0359,12:15,push,TPL_0357,11:30,push,TPL_0358,13:45,push,TPL_0351,11:00,push
U0029,0,Ecommerce Needs Attention,trial,D84,0,TPL_0068,17:15,push,TPL_0065,20:45,push,TPL_0064,16:30,push,TPL_0070,19:00,push,,,,,,
U0029,0,Ecommerce Needs Attention,trial,D85,1,TPL_0091,17:15,push,TPL_0092,20:30,push,TPL_0095,16:30,push,TPL_0099,20:30,push,,,,,,
U0029,0,Ecommerce Needs Attention,trial,D86,2,TPL_0099,15:00,push,TPL_0098,18:15,push,TPL_0093,16:45,push,TPL_0094,20:00,push,,,,,,
U0029,0,Ecommerce Needs Attention,trial,D87,3,TPL_0090,16:30,push,TPL_0083,20:45,push,TPL_0081,15:30,push,TPL_0087,20:45,push,,,,,,
U0029,0,Ecommerce Needs Attention,trial,D88,4,TPL_0083,15:00,push,TPL_0085,18:00,push,TPL_0090,16:15,push,TPL_0082,20:45,push,,,,,,
U0029,0,Ecommerce Needs Attention,trial,D89,5,TPL_0081,15:30,push,TPL_0082,20:30,push,TPL_0086,17:00,push,TPL_0087,20:30,push,,,,,,
U0029,0,Ecommerce Needs Attention,trial,D90,6,TPL_0078,16:15,push,TPL_0073,20:15,push,TPL_0074,16:15,push,TPL_0080,18:15,push,,,,,,
U0030,5,Ecommerce Social Engagers,paid,D85,0,TPL_0560,12:15,push,TPL_0555,19:00,push,TPL_0553,13:30,push,TPL_0551,19:15,push,TPL_0554,14:00,push,TPL_0558,18:30,push
U0030,5,Ecommerce Social Engagers,paid,D86,1,TPL_0559,13:45,push,TPL_0558,20:45,push,TPL_0552,13:00,push,TPL_0551,18:30,push,TPL_0554,14:00,push,TPL_0556,19:45,push
U0030,5,Ecommerce Social Engagers,paid,D87,2,TPL_0560,14:30,push,TPL_0557,18:15,push,TPL_0558,12:45,push,TPL_0555,20:00,push,TPL_0552,12:15,push,TPL_0553,19:15,push
U0030,5,Ecommerce Social Engagers,paid,D88,3,TPL_0560,12:30,push,TPL_0557,20:15,push,TPL_0556,13:30,push,TPL_0554,18:30,push,TPL_0552,12:30,push,TPL_0555,18:30,push
U0030,5,Ecommerce Social Engagers,paid,D89,4,TPL_0551,14:00,push,TPL_0552,20:15,push,TPL_0558,14:15,push,TPL_0556,18:30,push,TPL_0557,14:00,push,TPL_0560,18:00,push
U0030,5,Ecommerce Social Engagers,paid,D90,5,TPL_0554,12:30,push,TPL_0558,20:15,push,TPL_0559,14:45,push,TPL_0557,20:00,push,TPL_0555,13:30,push,TPL_0552,20:30,push
U0030,5,Ecommerce Social Engagers,paid,D91,6,TPL_0554,13:15,push,TPL_0559,20:45,push,TPL_0560,13:45,push,TPL_0558,18:00,push,TPL_0552,12:45,push,TPL_0557,19:45,push
U0031,0,Ecommerce Needs Attention,trial,D6,0,TPL_0063,16:15,push,TPL_0061,19:15,push,TPL_0062,16:30,push,TPL_0069,20:30,push,,,,,,
U0031,0,Ecommerce Needs Attention,trial,D7,1,TPL_0099,16:15,push,TPL_0098,19:00,push,TPL_0094,16:15,push,TPL_0097,19:00,push,,,,,,
U0031,0,Ecommerce Needs Attention,trial,D8,2,TPL_0092,16:45,push,TPL_0095,18:15,push,TPL_0094,15:00,push,TPL_0098,19:45,push,,,,,,
U0031,0,Ecommerce Needs Attention,trial,D9,3,TPL_0085,17:45,push,TPL_0082,18:15,push,TPL_0081,16:30,push,TPL_0089,18:15,push,,,,,,
U0031,0,Ecommerce Needs Attention,trial,D10,4,TPL_0082,16:45,push,TPL_0084,19:30,push,TPL_0088,16:00,push,TPL_0086,18:45,push,,,,,,
U0031,0,Ecommerce Needs Attention,trial,D11,5,TPL_0083,17:45,push,TPL_0085,18:15,push,TPL_0082,17:30,push,TPL_0090,18:00,push,,,,,,
U0031,0,Ecommerce Needs Attention,trial,D12,6,TPL_0072,16:45,push,TPL_0075,20:45,push,TPL_0080,16:00,push,TPL_0079,18:45,push,,,,,,
U0032,0,Ecommerce Needs Attention,trial,D13,0,TPL_0062,15:30,push,TPL_0067,20:30,push,TPL_0066,16:30,push,TPL_0064,18:45,push,,,,,,
U0032,0,Ecommerce Needs Attention,trial,D14,1,TPL_0096,15:15,push,TPL_0091,19:30,push,TPL_0097,15:45,push,TPL_0092,20:45,push,,,,,,
U0032,0,Ecommerce Needs Attention,trial,D15,2,TPL_0092,17:30,push,TPL_0093,20:00,push,TPL_0099,15:00,push,TPL_0096,19:30,push,,,,,,
U0032,0,Ecommerce Needs Attention,trial,D16,3,TPL_0082,16:30,push,TPL_0087,18:15,push,TPL_0086,17:45,push,TPL_0084,20:00,push,,,,,,
U0032,0,Ecommerce Needs Attention,trial,D17,4,TPL_0082,15:00,push,TPL_0087,18:30,push,TPL_0085,16:45,push,TPL_0083,18:15,push,,,,,,
U0032,0,Ecommerce Needs Attention,trial,D18,5,TPL_0084,16:30,push,TPL_0090,18:45,push,TPL_0082,17:30,push,TPL_0085,20:30,push,,,,,,
U0032,0,Ecommerce Needs Attention,trial,D19,6,TPL_0078,17:45,push,TPL_0077,20:30,push,TPL_0076,16:00,push,TPL_0075,19:30,push,,,,,,
U0033,3,Ecommerce Segment 3,inactive,D78,0,TPL_0318,14:00,push,TPL_0313,10:30,push,TPL_0311,14:00,push,TPL_0312,11:45,push,TPL_0319,13:15,push,TPL_0317,11:00,push
U0033,3,Ecommerce Segment 3,inactive,D79,1,TPL_0311,14:45,push,TPL_0312,09:45,push,TPL_0319,12:15,push,TPL_0317,09:00,push,TPL_0320,12:00,push,TPL_0316,10:30,push
U0033,3,Ecommerce Segment 3,inactive,D80,2,TPL_0314,13:15,push,TPL_0316,10:15,push,TPL_0319,13:45,push,TPL_0320,11:00,push,TPL_0311,14:15,push,TPL_0315,11:15,push
U0033,3,Ecommerce Segment 3,inactive,D81,3,TPL_0318,14:30,push,TPL_0314,11:45,push,TPL_0313,14:45,push,TPL_0311,10:15,push,TPL_0317,13:30,push,TPL_0316,11:30,push
U0033,3,Ecommerce Segment 3,inactive,D82,4,TPL_0320,14:30,push,TPL_0319,11:45,push,TPL_0312,12:15,push,TPL_0313,10:30,push,TPL_0314,12:30,push,TPL_0318,10:15,push
U0033,3,Ecommerce Segment 3,inactive,D83,5,TPL_0313,14:45,push,TPL_0312,10:45,push,TPL_0316,13:30,push,TPL_0319,10:00,push,TPL_0314,14:45,push,TPL_0317,10:30,push
U0033,3,Ecommerce Segment 3,inactive,D84,6,TPL_0317,12:30,push,TPL_0318,09:30,push,TPL_0314,14:00,push,TPL_0320,10:45,push,TPL_0319,14:30,push,TPL_0311,11:45,push
U0034,2,Ecommerce Social Engagers,inactive,D6,0,TPL_0214,06:15,push,TPL_0219,11:30,push,TPL_0220,08:30,push,TPL_0216,09:00,push,,,,,,
U0034,2,Ecommerce Social Engagers,inactive,D7,1,TPL_0220,08:15,push,TPL_0215,09:00,push,TPL_0212,08:15,push,TPL_0216,11:15,push,,,,,,
U0034,2,Ecommerce Social Engagers,inactive,D8,2,TPL_0214,06:00,push,TPL_0219,10:30,push,TPL_0212,08:45,push,TPL_0217,09:15,push,,,,,,
U0034,2,Ecommerce Social Engagers,inactive,D9,3,TPL_0219,06:15,push,TPL_0212,10:45,push,TPL_0211,07:15,push,TPL_0217,10:30,push,,,,,,
U0034,2,Ecommerce Social Engagers,inactive,D10,4,TPL_0214,07:00,push,TPL_0216,09:15,push,TPL_0211,08:00,push,TPL_0213,09:45,push,,,,,,
U0034,2,Ecommerce Social Engagers,inactive,D11,5,TPL_0219,06:00,push,TPL_0211,10:45,push,TPL_0215,06:30,push,TPL_0220,09:00,push,,,,,,
U0034,2,Ecommerce Social Engagers,inactive,D12,6,TPL_0220,07:00,push,TPL_0212,10:30,push,TPL_0213,07:45,push,TPL_0217,09:45,push,,,,,,
U0035,0,Ecommerce Needs Attention,churned,D8,0,TPL_0002,16:15,push,TPL_0001,18:30,push,TPL_0005,15:45,push,TPL_0006,20:30,push,,,,,,
U0035,0,Ecommerce Needs Attention,churned,D9,1,TPL_0008,17:15,push,TPL_0006,18:30,push,TPL_0007,16:15,push,TPL_0010,18:45,push,,,,,,
U0035,0,Ecommerce Needs Attention,churned,D10,2,TPL_0001,16:30,push,TPL_0010,18:45,push,TPL_0008,17:00,push,TPL_0003,18:15,push,,,,,,
U0035,0,Ecommerce Needs Attention,churned,D11,3,TPL_0008,16:30,push,TPL_0001,18:00,push,TPL_0006,16:45,push,TPL_0009,18:45,push,,,,,,
U0035,0,Ecommerce Needs Attention,churned,D12,4,TPL_0001,16:30,push,TPL_0004,19:00,push,TPL_0010,16:30,push,TPL_0008,20:15,push,,,,,,
U0035,0,Ecommerce Needs Attention,churned,D13,5,TPL_0006,15:00,push,TPL_0002,19:30,push,TPL_0005,15:45,push,TPL_0008,20:30,push,,,,,,
U0035,0,Ecommerce Needs Attention,churned,D14,6,TPL_0010,17:00,push,TPL_0005,20:30,push,TPL_0002,16:15,push,TPL_0009,18:15,push,,,,,,
U0036,0,Ecommerce Needs Attention,trial,D47,0,TPL_0066,16:15,push,TPL_0061,19:30,push,TPL_0069,16:45,push,TPL_0070,20:15,push,,,,,,
U0036,0,Ecommerce Needs Attention,trial,D48,1,TPL_0093,15:00,push,TPL_0096,20:45,push,TPL_0099,17:30,push,TPL_0094,18:00,push,,,,,,
U0036,0,Ecommerce Needs Attention,trial,D49,2,TPL_0091,15:15,push,TPL_0099,20:15,push,TPL_0094,15:30,push,TPL_0098,20:45,push,,,,,,
U0036,0,Ecommerce Needs Attention,trial,D50,3,TPL_0090,15:15,push,TPL_0081,20:45,push,TPL_0089,15:45,push,TPL_0084,18:45,push,,,,,,
U0036,0,Ecommerce Needs Attention,trial,D51,4,TPL_0084,15:45,push,TPL_0089,19:00,push,TPL_0085,17:45,push,TPL_0087,20:30,push,,,,,,
U0036,0,Ecommerce Needs Attention,trial,D52,5,TPL_0082,17:00,push,TPL_0081,19:30,push,TPL_0089,15:15,push,TPL_0088,20:00,push,,,,,,
U0036,0,Ecommerce Needs Attention,trial,D53,6,TPL_0077,15:45,push,TPL_0080,19:00,push,TPL_0075,17:00,push,TPL_0071,18:45,push,,,,,,
U0037,5,Ecommerce Social Engagers,trial,D71,0,TPL_0565,12:30,push,TPL_0563,19:15,push,TPL_0570,12:45,push,TPL_0569,19:45,push,TPL_0568,13:45,push,TPL_0566,19:00,push
U0037,5,Ecommerce Social Engagers,trial,D72,1,TPL_0597,14:15,push,TPL_0592,20:30,push,TPL_0598,12:15,push,TPL_0595,20:45,push,TPL_0593,14:15,push,TPL_0591,20:15,push
U0037,5,Ecommerce Social Engagers,trial,D73,2,TPL_0599,12:00,push,TPL_0592,19:45,push,TPL_0596,14:45,push,TPL_0594,20:45,push,TPL_0598,12:15,push,TPL_0600,19:30,push
U0037,5,Ecommerce Social Engagers,trial,D74,3,TPL_0582,12:30,push,TPL_0586,18:00,push,TPL_0584,12:45,push,TPL_0581,20:00,push,TPL_0588,12:15,push,TPL_0589,18:00,push
U0037,5,Ecommerce Social Engagers,trial,D75,4,TPL_0582,14:00,push,TPL_0585,19:00,push,TPL_0589,12:00,push,TPL_0583,19:45,push,TPL_0590,12:15,push,TPL_0586,18:15,push
U0037,5,Ecommerce Social Engagers,trial,D76,5,TPL_0587,14:30,push,TPL_0583,18:30,push,TPL_0584,14:30,push,TPL_0586,18:30,push,TPL_0588,12:15,push,TPL_0585,19:30,push
U0037,5,Ecommerce Social Engagers,trial,D77,6,TPL_0572,13:00,push,TPL_0577,20:15,push,TPL_0575,14:45,push,TPL_0573,20:45,push,TPL_0576,12:30,push,TPL_0579,20:45,push
U0038,5,Ecommerce Social Engagers,paid,D58,0,TPL_0555,14:30,push,TPL_0554,20:45,push,TPL_0551,13:15,push,TPL_0559,19:45,push,TPL_0558,12:45,push,TPL_0557,18:15,push
U0038,5,Ecommerce Social Engagers,paid,D59,1,TPL_0560,13:15,push,TPL_0555,19:00,push,TPL_0552,14:45,push,TPL_0554,19:15,push,TPL_0558,13:15,push,TPL_0559,19:15,push
U0038,5,Ecommerce Social Engagers,paid,D60,2,TPL_0560,13:00,push,TPL_0556,19:30,push,TPL_0553,12:15,push,TPL_0551,18:30,push,TPL_0558,13:00,push,TPL_0557,18:15,push
U0038,5,Ecommerce Social Engagers,paid,D61,3,TPL_0558,14:15,push,TPL_0554,19:15,push,TPL_0553,13:30,push,TPL_0552,18:15,push,TPL_0555,12:00,push,TPL_0551,20:45,push
U0038,5,Ecommerce Social Engagers,paid,D62,4,TPL_0551,12:15,push,TPL_0554,19:15,push,TPL_0559,14:30,push,TPL_0560,19:45,push,TPL_0552,13:30,push,TPL_0557,19:30,push
U0038,5,Ecommerce Social Engagers,paid,D63,5,TPL_0560,13:45,push,TPL_0556,19:00,push,TPL_0559,14:45,push,TPL_0558,19:15,push,TPL_0552,13:30,push,TPL_0555,19:00,push
U0038,5,Ecommerce Social Engagers,paid,D64,6,TPL_0553,14:15,push,TPL_0558,20:15,push,TPL_0551,12:30,push,TPL_0556,20:45,push,TPL_0557,13:15,push,TPL_0559,18:30,push
U0039,0,Ecommerce Needs Attention,paid,D86,0,TPL_0058,15:45,push,TPL_0054,20:15,push,TPL_0057,16:30,push,TPL_0052,19:45,push,,,,,,
U0039,0,Ecommerce Needs Attention,paid,D87,1,TPL_0051,17:45,push,TPL_0056,19:15,push,TPL_0053,17:30,push,TPL_0057,18:15,push,,,,,,
U0039,0,Ecommerce Needs Attention,paid,D88,2,TPL_0055,17:45,push,TPL_0051,18:00,push,TPL_0054,17:00,push,TPL_0053,18:00,push,,,,,,
U0039,0,Ecommerce Needs Attention,paid,D89,3,TPL_0051,15:45,push,TPL_0055,18:15,push,TPL_0053,15:15,push,TPL_0056,18:15,push,,,,,,
U0039,0,Ecommerce Needs Attention,paid,D90,4,TPL_0057,17:45,push,TPL_0053,19:00,push,TPL_0056,17:45,push,TPL_0055,20:45,push,,,,,,
U0039,0,Ecommerce Needs Attention,paid,D91,5,TPL_0060,15:00,push,TPL_0051,20:45,push,TPL_0056,15:00,push,TPL_0054,20:30,push,,,,,,
U0039,0,Ecommerce Needs Attention,paid,D92,6,TPL_0056,17:30,push,TPL_0057,18:45,push,TPL_0059,15:00,push,TPL_0052,18:15,push,,,,,,
U0040,2,Ecommerce Social Engagers,trial,D81,0,TPL_0262,06:15,push,TPL_0270,11:30,push,TPL_0263,07:30,push,TPL_0265,10:00,push,,,,,,
U0040,2,Ecommerce Social Engagers,trial,D82,1,TPL_0295,07:45,push,TPL_0296,10:15,push,TPL_0297,08:15,push,TPL_0299,10:00,push,,,,,,
U0040,2,Ecommerce Social Engagers,trial,D83,2,TPL_0297,08:00,push,TPL_0293,09:45,push,TPL_0296,07:45,push,TPL_0299,11:45,push,,,,,,
U0040,2,Ecommerce Social Engagers,trial,D84,3,TPL_0285,06:00,push,TPL_0289,11:15,push,TPL_0288,06:45,push,TPL_0287,10:30,push,,,,,,
U0040,2,Ecommerce Social Engagers,trial,D85,4,TPL_0282,08:00,push,TPL_0290,11:00,push,TPL_0287,06:15,push,TPL_0281,11:45,push,,,,,,
U0040,2,Ecommerce Social Engagers,trial,D86,5,TPL_0282,07:00,push,TPL_0289,09:30,push,TPL_0283,08:00,push,TPL_0286,09:30,push,,,,,,
U0040,2,Ecommerce Social Engagers,trial,D87,6,TPL_0271,06:15,push,TPL_0274,11:15,push,TPL_0278,08:45,push,TPL_0273,09:30,push,,,,,,
U0041,0,Ecommerce Needs Attention,paid,D38,0,TPL_0056,15:15,push,TPL_0053,20:45,push,TPL_0057,17:30,push,TPL_0059,19:15,push,,,,,,
U0041,0,Ecommerce Needs Attention,paid,D39,1,TPL_0055,17:00,push,TPL_0051,20:30,push,TPL_0053,15:00,push,TPL_0060,19:15,push,,,,,,
U0041,0,Ecommerce Needs Attention,paid,D40,2,TPL_0051,15:30,push,TPL_0052,20:45,push,TPL_0055,16:00,push,TPL_0057,20:30,push,,,,,,
U0041,0,Ecommerce Needs Attention,paid,D41,3,TPL_0057,16:45,push,TPL_0052,18:30,push,TPL_0055,17:45,push,TPL_0059,19:15,push,,,,,,
U0041,0,Ecommerce Needs Attention,paid,D42,4,TPL_0057,17:45,push,TPL_0059,18:30,push,TPL_0055,15:00,push,TPL_0058,18:30,push,,,,,,
U0041,0,Ecommerce Needs Attention,paid,D43,5,TPL_0056,15:45,push,TPL_0054,20:15,push,TPL_0058,17:45,push,TPL_0053,19:30,push,,,,,,
U0041,0,Ecommerce Needs Attention,paid,D44,6,TPL_0054,15:00,push,TPL_0056,18:30,push,TPL_0059,16:30,push,TPL_0060,19:00,push,,,,,,
U0042,5,Ecommerce Social Engagers,trial,D17,0,TPL_0561,12:00,push,TPL_0563,18:45,push,TPL_0568,13:45,push,TPL_0569,18:00,push,TPL_0570,12:30,push,TPL_0566,20:00,push
U0042,5,Ecommerce Social Engagers,trial,D18,1,TPL_0593,14:30,push,TPL_0594,19:00,push,TPL_0592,13:45,push,TPL_0595,19:00,push,TPL_0600,14:15,push,TPL_0598,20:15,push
U0042,5,Ecommerce Social Engagers,trial,D19,2,TPL_0591,14:45,push,TPL_0592,18:15,push,TPL_0597,13:30,push,TPL_0596,19:45,push,TPL_0595,12:00,push,TPL_0600,18:45,push
U0042,5,Ecommerce Social Engagers,trial,D20,3,TPL_0581,13:45,push,TPL_0589,19:45,push,TPL_0586,12:30,push,TPL_0585,19:15,push,TPL_0590,14:45,push,TPL_0588,20:15,push
U0042,5,Ecommerce Social Engagers,trial,D21,4,TPL_0587,13:00,push,TPL_0586,18:30,push,TPL_0581,12:45,push,TPL_0583,19:45,push,TPL_0585,13:45,push,TPL_0588,19:45,push
U0042,5,Ecommerce Social Engagers,trial,D22,5,TPL_0583,14:15,push,TPL_0585,19:30,push,TPL_0588,14:15,push,TPL_0590,19:30,push,TPL_0589,12:45,push,TPL_0581,19:30,push
U0042,5,Ecommerce Social Engagers,trial,D23,6,TPL_0577,14:45,push,TPL_0572,20:15,push,TPL_0574,13:45,push,TPL_0578,19:45,push,TPL_0573,13:00,push,TPL_0571,20:15,push
U0043,2,Ecommerce Social Engagers,inactive,D58,0,TPL_0214,08:15,push,TPL_0219,11:00,push,TPL_0218,08:45,push,TPL_0216,11:15,push,,,,,,
U0043,2,Ecommerce Social Engagers,inactive,D59,1,TPL_0213,07:30,push,TPL_0220,11:00,push,TPL_0211,07:45,push,TPL_0218,09:30,push,,,,,,
U0043,2,Ecommerce Social Engagers,inactive,D60,2,TPL_0215,06:30,push,TPL_0212,11:15,push,TPL_0216,08:45,push,TPL_0218,10:00,push,,,,,,
U0043,2,Ecommerce Social Engagers,inactive,D61,3,TPL_0216,07:45,push,TPL_0213,11:45,push,TPL_0220,08:45,push,TPL_0211,11:00,push,,,,,,
U0043,2,Ecommerce Social Engagers,inactive,D62,4,TPL_0219,07:00,push,TPL_0217,09:15,push,TPL_0212,08:30,push,TPL_0215,09:00,push,,,,,,
U0043,2,Ecommerce Social Engagers,inactive,D63,5,TPL_0215,08:45,push,TPL_0213,10:45,push,TPL_0217,06:00,push,TPL_0219,09:30,push,,,,,,
U0043,2,Ecommerce Social Engagers,inactive,D64,6,TPL_0216,06:15,push,TPL_0218,10:30,push,TPL_0211,07:45,push,TPL_0214,11:15,push,,,,,,
U0044,0,Ecommerce Needs Attention,trial,D16,0,TPL_0061,16:00,push,TPL_0068,19:00,push,TPL_0070,16:45,push,TPL_0067,18:00,push,,,,,,
U0044,0,Ecommerce Needs Attention,trial,D17,1,TPL_0100,17:15,push,TPL_0098,19:30,push,TPL_0091,16:45,push,TPL_0093,18:45,push,,,,,,
U0044,0,Ecommerce Needs Attention,trial,D18,2,TPL_0094,16:45,push,TPL_0091,18:45,push,TPL_0100,17:45,push,TPL_0096,19:00,push,,,,,,
U0044,0,Ecommerce Needs Attention,trial,D19,3,TPL_0089,16:00,push,TPL_0087,20:00,push,TPL_0090,15:30,push,TPL_0083,20:00,push,,,,,,
U0044,0,Ecommerce Needs Attention,trial,D20,4,TPL_0084,17:15,push,TPL_0083,20:15,push,TPL_0089,17:15,push,TPL_0086,20:15,push,,,,,,
U0044,0,Ecommerce Needs Attention,trial,D21,5,TPL_0081,16:45,push,TPL_0085,19:15,push,TPL_0083,16:15,push,TPL_0086,18:45,push,,,,,,
U0044,0,Ecommerce Needs Attention,trial,D22,6,TPL_0078,16:00,push,TPL_0072,20:15,push,TPL_0074,16:45,push,TPL_0073,19:00,push,,,,,,
U0045,2,Ecommerce Social Engagers,paid,D13,0,TPL_0257,08:15,push,TPL_0258,09:30,push,TPL_0256,08:00,push,TPL_0252,11:00,push,,,,,,
U0045,2,Ecommerce Social Engagers,paid,D14,1,TPL_0258,08:15,push,TPL_0251,10:30,push,TPL_0252,06:45,push,TPL_0255,09:30,push,,,,,,
U0045,2,Ecommerce Social Engagers,paid,D15,2,TPL_0258,08:45,push,TPL_0252,11:30,push,TPL_0256,08:45,push,TPL_0251,11:45,push,,,,,,
U0045,2,Ecommerce Social Engagers,paid,D16,3,TPL_0257,08:00,push,TPL_0256,10:30,push,TPL_0252,07:15,push,TPL_0259,11:30,push,,,,,,
U0045,2,Ecommerce Social Engagers,paid,D17,4,TPL_0253,08:00,push,TPL_0259,11:15,push,TPL_0258,07:00,push,TPL_0255,09:30,push,,,,,,
U0045,2,Ecommerce Social Engagers,paid,D18,5,TPL_0259,06:15,push,TPL_0251,10:15,push,TPL_0258,08:45,push,TPL_0253,10:15,push,,,,,,
U0045,2,Ecommerce Social Engagers,paid,D19,6,TPL_0257,08:45,push,TPL_0251,10:15,push,TPL_0256,07:15,push,TPL_0259,11:15,push,,,,,,
U0046,3,Ecommerce Segment 3,trial,D30,0,TPL_0363,13:30,push,TPL_0364,09:15,push,TPL_0365,13:45,push,TPL_0370,11:00,push,TPL_0369,13:00,push,TPL_0366,10:15,push
U0046,3,Ecommerce Segment 3,trial,D31,1,TPL_0396,12:45,push,TPL_0392,11:45,push,TPL_0399,13:45,push,TPL_0398,10:45,push,TPL_0397,13:15,push,TPL_0395,09:00,push
U0046,3,Ecommerce Segment 3,trial,D32,2,TPL_0392,12:30,push,TPL_0394,09:30,push,TPL_0393,12:30,push,TPL_0391,09:45,push,TPL_0398,14:45,push,TPL_0397,11:00,push
U0046,3,Ecommerce Segment 3,trial,D33,3,TPL_0387,14:00,push,TPL_0383,10:30,push,TPL_0389,14:00,push,TPL_0386,11:45,push,TPL_0384,14:15,push,TPL_0381,10:00,push
U0046,3,Ecommerce Segment 3,trial,D34,4,TPL_0389,14:15,push,TPL_0381,10:00,push,TPL_0385,13:30,push,TPL_0382,10:00,push,TPL_0384,13:00,push,TPL_0386,09:15,push
U0046,3,Ecommerce Segment 3,trial,D35,5,TPL_0388,14:30,push,TPL_0385,11:45,push,TPL_0386,12:15,push,TPL_0381,09:15,push,TPL_0389,12:30,push,TPL_0384,11:30,push
U0046,3,Ecommerce Segment 3,trial,D36,6,TPL_0379,14:15,push,TPL_0374,10:30,push,TPL_0373,13:30,push,TPL_0377,11:00,push,TPL_0372,12:45,push,TPL_0376,09:30,push
U0047,0,Ecommerce Needs Attention,paid,D23,0,TPL_0057,17:15,push,TPL_0058,20:15,push,TPL_0055,15:15,push,TPL_0056,20:30,push,,,,,,
U0047,0,Ecommerce Needs Attention,paid,D24,1,TPL_0059,15:45,push,TPL_0058,19:15,push,TPL_0056,17:30,push,TPL_0055,20:45,push,,,,,,
U0047,0,Ecommerce Needs Attention,paid,D25,2,TPL_0060,16:45,push,TPL_0055,18:00,push,TPL_0052,16:30,push,TPL_0053,20:30,push,,,,,,
U0047,0,Ecommerce Needs Attention,paid,D26,3,TPL_0052,16:45,push,TPL_0056,19:00,push,TPL_0051,17:00,push,TPL_0058,20:45,push,,,,,,
U0047,0,Ecommerce Needs Attention,paid,D27,4,TPL_0060,17:30,push,TPL_0054,18:45,push,TPL_0058,15:45,push,TPL_0059,18:45,push,,,,,,
U0047,0,Ecommerce Needs Attention,paid,D28,5,TPL_0054,16:30,push,TPL_0059,19:30,push,TPL_0058,17:15,push,TPL_0056,20:45,push,,,,,,
U0047,0,Ecommerce Needs Attention,paid,D29,6,TPL_0053,16:00,push,TPL_0052,18:00,push,TPL_0058,17:45,push,TPL_0055,18:00,push,,,,,,
U0048,0,Ecommerce Needs Attention,paid,D59,0,TPL_0051,15:45,push,TPL_0060,19:00,push,TPL_0058,16:15,push,TPL_0052,20:15,push,,,,,,
U0048,0,Ecommerce Needs Attention,paid,D60,1,TPL_0055,17:30,push,TPL_0057,18:30,push,TPL_0056,15:30,push,TPL_0060,19:00,push,,,,,,
U0048,0,Ecommerce Needs Attention,paid,D61,2,TPL_0055,16:15,push,TPL_0057,18:45,push,TPL_0060,17:30,push,TPL_0059,20:15,push,,,,,,
U0048,0,Ecommerce Needs Attention,paid,D62,3,TPL_0053,16:00,push,TPL_0051,20:00,push,TPL_0060,15:15,push,TPL_0055,19:00,push,,,,,,
U0048,0,Ecommerce Needs Attention,paid,D63,4,TPL_0058,15:15,push,TPL_0052,20:45,push,TPL_0059,15:00,push,TPL_0060,20:30,push,,,,,,
U0048,0,Ecommerce Needs Attention,paid,D64,5,TPL_0057,15:45,push,TPL_0058,20:15,push,TPL_0052,16:00,push,TPL_0054,18:45,push,,,,,,
U0048,0,Ecommerce Needs Attention,paid,D65,6,TPL_0056,15:00,push,TPL_0051,18:30,push,TPL_0058,16:30,push,TPL_0055,18:45,push,,,,,,
U0049,0,Ecommerce Needs Attention,trial,D44,0,TPL_0068,15:15,push,TPL_0067,18:00,push,TPL_0062,17:15,push,TPL_0064,19:30,push,,,,,,
U0049,0,Ecommerce Needs Attention,trial,D45,1,TPL_0093,17:15,push,TPL_0094,20:15,push,TPL_0097,16:45,push,TPL_0099,18:00,push,,,,,,
U0049,0,Ecommerce Needs Attention,trial,D46,2,TPL_0091,15:15,push,TPL_0092,18:45,push,TPL_0095,16:45,push,TPL_0099,19:15,push,,,,,,
U0049,0,Ecommerce Needs Attention,trial,D47,3,TPL_0082,15:30,push,TPL_0083,20:00,push,TPL_0088,15:30,push,TPL_0089,20:00,push,,,,,,
U0049,0,Ecommerce Needs Attention,trial,D48,4,TPL_0083,17:30,push,TPL_0089,18:15,push,TPL_0087,17:45,push,TPL_0088,19:00,push,,,,,,
U0049,0,Ecommerce Needs Attention,trial,D49,5,TPL_0086,15:45,push,TPL_0081,19:00,push,TPL_0088,15:45,push,TPL_0085,20:00,push,,,,,,
U0049,0,Ecommerce Needs Attention,trial,D50,6,TPL_0072,17:00,push,TPL_0080,19:30,push,TPL_0076,15:45,push,TPL_0079,20:45,push,,,,,,
U0050,1,Ecommerce At-Risk Users,inactive,D2,0,TPL_0119,16:15,push,TPL_0120,22:00,push,TPL_0114,15:00,push,TPL_0118,21:30,push,,,,,,
U0050,1,Ecommerce At-Risk Users,inactive,D3,1,TPL_0116,15:00,push,TPL_0111,21:45,push,TPL_0119,17:30,push,TPL_0115,23:45,push,,,,,,
U0050,1,Ecommerce At-Risk Users,inactive,D4,2,TPL_0116,16:45,push,TPL_0119,21:15,push,TPL_0114,16:00,push,TPL_0113,22:00,push,,,,,,
U0050,1,Ecommerce At-Risk Users,inactive,D5,3,TPL_0114,17:15,push,TPL_0115,21:30,push,TPL_0111,16:00,push,TPL_0112,22:45,push,,,,,,
U0050,1,Ecommerce At-Risk Users,inactive,D6,4,TPL_0112,17:15,push,TPL_0120,21:15,push,TPL_0118,15:45,push,TPL_0116,21:45,push,,,,,,
U0050,1,Ecommerce At-Risk Users,inactive,D7,5,TPL_0111,17:00,push,TPL_0117,22:15,push,TPL_0112,15:00,push,TPL_0118,23:15,push,,,,,,
U0050,1,Ecommerce At-Risk Users,inactive,D8,6,TPL_0119,17:00,push,TPL_0112,21:45,push,TPL_0117,16:30,push,TPL_0116,21:30,push,,,,,,
U0051,2,Ecommerce Social Engagers,churned,D36,0,TPL_0206,06:30,push,TPL_0205,11:00,push,TPL_0202,06:30,push,TPL_0201,10:30,push,,,,,,
U0051,2,Ecommerce Social Engagers,churned,D37,1,TPL_0208,08:00,push,TPL_0203,10:00,push,TPL_0205,07:45,push,TPL_0209,11:30,push,,,,,,
U0051,2,Ecommerce Social Engagers,churned,D38,2,TPL_0209,06:45,push,TPL_0205,11:15,push,TPL_0207,07:15,push,TPL_0204,10:00,push,,,,,,
U0051,2,Ecommerce Social Engagers,churned,D39,3,TPL_0205,08:00,push,TPL_0207,09:00,push,TPL_0209,06:00,push,TPL_0208,09:00,push,,,,,,
U0051,2,Ecommerce Social Engagers,churned,D40,4,TPL_0207,07:30,push,TPL_0205,10:15,push,TPL_0203,06:00,push,TPL_0210,11:45,push,,,,,,
U0051,2,Ecommerce Social Engagers,churned,D41,5,TPL_0206,06:30,push,TPL_0208,09:45,push,TPL_0204,08:30,push,TPL_0205,10:00,push,,,,,,
U0051,2,Ecommerce Social Engagers,churned,D42,6,TPL_0205,08:30,push,TPL_0206,09:00,push,TPL_0201,06:15,push,TPL_0204,11:00,push,,,,,,
U0052,3,Ecommerce Segment 3,inactive,D42,0,TPL_0311,13:00,push,TPL_0318,10:30,push,TPL_0320,13:30,push,TPL_0312,09:45,push,TPL_0317,12:30,push,TPL_0314,09:30,push
U0052,3,Ecommerce Segment 3,inactive,D43,1,TPL_0312,14:30,push,TPL_0316,11:15,push,TPL_0313,13:30,push,TPL_0314,11:45,push,TPL_0318,12:15,push,TPL_0315,09:00,push
U0052,3,Ecommerce Segment 3,inactive,D44,2,TPL_0312,13:00,push,TPL_0314,09:30,push,TPL_0318,14:00,push,TPL_0316,10:00,push,TPL_0313,14:45,push,TPL_0315,11:30,push
U0052,3,Ecommerce Segment 3,inactive,D45,3,TPL_0316,12:15,push,TPL_0312,11:15,push,TPL_0313,13:45,push,TPL_0315,09:15,push,TPL_0317,14:30,push,TPL_0320,09:00,push
U0052,3,Ecommerce Segment 3,inactive,D46,4,TPL_0313,12:45,push,TPL_0316,11:30,push,TPL_0317,13:00,push,TPL_0318,11:00,push,TPL_0320,14:15,push,TPL_0314,11:45,push
U0052,3,Ecommerce Segment 3,inactive,D47,5,TPL_0312,12:00,push,TPL_0317,10:15,push,TPL_0311,12:30,push,TPL_0315,10:30,push,TPL_0320,13:30,push,TPL_0313,10:45,push
U0052,3,Ecommerce Segment 3,inactive,D48,6,TPL_0315,13:15,push,TPL_0312,09:15,push,TPL_0311,12:00,push,TPL_0316,09:00,push,TPL_0318,12:45,push,TPL_0320,10:30,push
U0053,2,Ecommerce Social Engagers,churned,D39,0,TPL_0207,07:00,push,TPL_0206,11:30,push,TPL_0204,06:45,push,TPL_0202,10:45,push,,,,,,
U0053,2,Ecommerce Social Engagers,churned,D40,1,TPL_0206,07:00,push,TPL_0210,09:15,push,TPL_0207,08:30,push,TPL_0203,11:00,push,,,,,,
U0053,2,Ecommerce Social Engagers,churned,D41,2,TPL_0208,06:30,push,TPL_0203,09:00,push,TPL_0204,08:15,push,TPL_0209,10:45,push,,,,,,
U0053,2,Ecommerce Social Engagers,churned,D42,3,TPL_0208,08:00,push,TPL_0203,11:30,push,TPL_0205,07:15,push,TPL_0202,09:45,push,,,,,,
U0053,2,Ecommerce Social Engagers,churned,D43,4,TPL_0201,07:15,push,TPL_0205,09:45,push,TPL_0202,06:15,push,TPL_0207,09:00,push,,,,,,
U0053,2,Ecommerce Social Engagers,churned,D44,5,TPL_0208,06:15,push,TPL_0207,09:15,push,TPL_0204,07:30,push,TPL_0205,11:00,push,,,,,,
U0053,2,Ecommerce Social Engagers,churned,D45,6,TPL_0209,08:30,push,TPL_0201,09:00,push,TPL_0202,06:15,push,TPL_0206,11:45,push,,,,,,
U0054,0,Ecommerce Needs Attention,paid,D89,0,TPL_0058,15:00,push,TPL_0056,19:00,push,TPL_0055,15:45,push,TPL_0057,18:15,push,,,,,,
U0054,0,Ecommerce Needs Attention,paid,D90,1,TPL_0060,17:45,push,TPL_0051,20:45,push,TPL_0057,16:00,push,TPL_0058,19:45,push,,,,,,
U0054,0,Ecommerce Needs Attention,paid,D91,2,TPL_0060,15:30,push,TPL_0059,18:15,push,TPL_0057,16:30,push,TPL_0055,19:15,push,,,,,,
U0054,0,Ecommerce Needs Attention,paid,D92,3,TPL_0057,15:15,push,TPL_0059,20:30,push,TPL_0056,16:45,push,TPL_0055,20:45,push,,,,,,
U0054,0,Ecommerce Needs Attention,paid,D93,4,TPL_0056,15:00,push,TPL_0051,19:45,push,TPL_0053,15:45,push,TPL_0052,18:15,push,,,,,,
U0054,0,Ecommerce Needs Attention,paid,D94,5,TPL_0053,17:00,push,TPL_0054,19:30,push,TPL_0059,16:45,push,TPL_0058,19:30,push,,,,,,
U0054,0,Ecommerce Needs Attention,paid,D95,6,TPL_0051,16:30,push,TPL_0056,18:00,push,TPL_0052,16:15,push,TPL_0057,18:30,push,,,,,,
U0055,3,Ecommerce Segment 3,inactive,D54,0,TPL_0317,12:45,push,TPL_0313,11:30,push,TPL_0311,14:15,push,TPL_0320,09:00,push,TPL_0314,12:15,push,TPL_0318,10:00,push
U0055,3,Ecommerce Segment 3,inactive,D55,1,TPL_0312,12:45,push,TPL_0313,10:15,push,TPL_0316,12:15,push,TPL_0319,11:30,push,TPL_0318,14:30,push,TPL_0311,11:00,push
U0055,3,Ecommerce Segment 3,inactive,D56,2,TPL_0320,14:30,push,TPL_0319,11:15,push,TPL_0314,14:15,push,TPL_0312,10:30,push,TPL_0318,12:45,push,TPL_0316,09:00,push
U0055,3,Ecommerce Segment 3,inactive,D57,3,TPL_0320,12:15,push,TPL_0315,11:15,push,TPL_0316,12:45,push,TPL_0314,09:30,push,TPL_0311,14:15,push,TPL_0312,09:30,push
U0055,3,Ecommerce Segment 3,inactive,D58,4,TPL_0314,14:15,push,TPL_0318,10:00,push,TPL_0317,12:15,push,TPL_0313,11:15,push,TPL_0312,12:30,push,TPL_0315,09:30,push
U0055,3,Ecommerce Segment 3,inactive,D59,5,TPL_0313,14:45,push,TPL_0318,11:00,push,TPL_0311,13:30,push,TPL_0315,10:15,push,TPL_0316,12:45,push,TPL_0319,11:45,push
U0055,3,Ecommerce Segment 3,inactive,D60,6,TPL_0313,14:30,push,TPL_0320,09:30,push,TPL_0316,12:15,push,TPL_0315,10:30,push,TPL_0319,14:30,push,TPL_0312,09:15,push
U0056,3,Ecommerce Segment 3,trial,D86,0,TPL_0367,14:00,push,TPL_0362,11:45,push,TPL_0363,14:00,push,TPL_0369,09:30,push,TPL_0366,14:15,push,TPL_0365,11:00,push
U0056,3,Ecommerce Segment 3,trial,D87,1,TPL_0395,13:15,push,TPL_0396,10:00,push,TPL_0394,12:30,push,TPL_0392,10:15,push,TPL_0400,14:00,push,TPL_0399,11:30,push
U0056,3,Ecommerce Segment 3,trial,D88,2,TPL_0392,13:00,push,TPL_0398,10:15,push,TPL_0394,12:00,push,TPL_0393,10:30,push,TPL_0399,12:00,push,TPL_0391,09:45,push
U0056,3,Ecommerce Segment 3,trial,D89,3,TPL_0381,13:45,push,TPL_0388,09:45,push,TPL_0390,13:45,push,TPL_0389,10:45,push,TPL_0385,12:45,push,TPL_0384,11:15,push
U0056,3,Ecommerce Segment 3,trial,D90,4,TPL_0390,12:45,push,TPL_0382,09:00,push,TPL_0383,13:00,push,TPL_0384,10:30,push,TPL_0387,12:00,push,TPL_0386,10:15,push
U0056,3,Ecommerce Segment 3,trial,D91,5,TPL_0384,13:15,push,TPL_0390,11:00,push,TPL_0387,14:00,push,TPL_0388,10:45,push,TPL_0389,14:00,push,TPL_0386,10:15,push
U0056,3,Ecommerce Segment 3,trial,D92,6,TPL_0379,14:45,push,TPL_0375,09:00,push,TPL_0376,12:30,push,TPL_0377,09:15,push,TPL_0371,13:30,push,TPL_0374,11:30,push
U0057,2,Ecommerce Social Engagers,trial,D38,0,TPL_0266,07:15,push,TPL_0262,09:00,push,TPL_0267,07:45,push,TPL_0264,09:00,push,,,,,,
U0057,2,Ecommerce Social Engagers,trial,D39,1,TPL_0291,07:00,push,TPL_0297,10:00,push,TPL_0299,07:45,push,TPL_0295,09:00,push,,,,,,
U0057,2,Ecommerce Social Engagers,trial,D40,2,TPL_0291,06:15,push,TPL_0297,09:30,push,TPL_0296,06:45,push,TPL_0294,09:30,push,,,,,,
U0057,2,Ecommerce Social Engagers,trial,D41,3,TPL_0288,07:45,push,TPL_0287,10:30,push,TPL_0289,06:45,push,TPL_0285,09:30,push,,,,,,
U0057,2,Ecommerce Social Engagers,trial,D42,4,TPL_0284,07:30,push,TPL_0286,09:45,push,TPL_0283,06:30,push,TPL_0281,10:45,push,,,,,,
U0057,2,Ecommerce Social Engagers,trial,D43,5,TPL_0290,07:15,push,TPL_0285,10:00,push,TPL_0283,06:00,push,TPL_0282,09:30,push,,,,,,
U0057,2,Ecommerce Social Engagers,trial,D44,6,TPL_0275,08:45,push,TPL_0280,11:15,push,TPL_0273,08:00,push,TPL_0278,10:45,push,,,,,,
U0058,5,Ecommerce Social Engagers,trial,D14,0,TPL_0568,14:45,push,TPL_0565,20:15,push,TPL_0566,13:30,push,TPL_0567,18:45,push,TPL_0564,14:00,push,TPL_0562,20:15,push
U0058,5,Ecommerce Social Engagers,trial,D15,1,TPL_0599,12:45,push,TPL_0593,18:15,push,TPL_0594,12:15,push,TPL_0597,18:00,push,TPL_0596,13:00,push,TPL_0592,20:45,push
U0058,5,Ecommerce Social Engagers,trial,D16,2,TPL_0594,12:15,push,TPL_0592,20:30,push,TPL_0597,13:00,push,TPL_0599,18:45,push,TPL_0595,14:45,push,TPL_0593,20:30,push
U0058,5,Ecommerce Social Engagers,trial,D17,3,TPL_0582,13:45,push,TPL_0589,18:45,push,TPL_0583,12:45,push,TPL_0585,18:15,push,TPL_0590,14:00,push,TPL_0588,18:00,push
U0058,5,Ecommerce Social Engagers,trial,D18,4,TPL_0585,13:30,push,TPL_0589,19:30,push,TPL_0582,13:45,push,TPL_0583,20:45,push,TPL_0587,12:15,push,TPL_0588,19:45,push
U0058,5,Ecommerce Social Engagers,trial,D19,5,TPL_0585,12:45,push,TPL_0586,18:45,push,TPL_0583,13:15,push,TPL_0588,18:45,push,TPL_0587,13:30,push,TPL_0581,18:30,push
U0058,5,Ecommerce Social Engagers,trial,D20,6,TPL_0577,13:30,push,TPL_0580,19:45,push,TPL_0579,14:00,push,TPL_0576,18:15,push,TPL_0575,13:45,push,TPL_0574,19:30,push
U0059,1,Ecommerce At-Risk Users,trial,D3,0,TPL_0163,17:45,push,TPL_0161,23:00,push,TPL_0168,15:45,push,TPL_0167,21:45,push,,,,,,
U0059,1,Ecommerce At-Risk Users,trial,D4,1,TPL_0195,17:45,push,TPL_0198,23:30,push,TPL_0200,15:15,push,TPL_0192,21:30,push,,,,,,
U0059,1,Ecommerce At-Risk Users,trial,D5,2,TPL_0195,17:45,push,TPL_0192,21:00,push,TPL_0197,15:15,push,TPL_0200,21:00,push,,,,,,
U0059,1,Ecommerce At-Risk Users,trial,D6,3,TPL_0188,15:00,push,TPL_0185,22:00,push,TPL_0189,16:15,push,TPL_0186,22:30,push,,,,,,
U0059,1,Ecommerce At-Risk Users,trial,D7,4,TPL_0185,16:45,push,TPL_0184,23:00,push,TPL_0186,17:00,push,TPL_0189,21:30,push,,,,,,
U0059,1,Ecommerce At-Risk Users,trial,D8,5,TPL_0184,16:45,push,TPL_0181,21:45,push,TPL_0188,17:30,push,TPL_0187,22:15,push,,,,,,
U0059,1,Ecommerce At-Risk Users,trial,D9,6,TPL_0178,16:00,push,TPL_0180,22:00,push,TPL_0175,16:00,push,TPL_0173,21:15,push,,,,,,
U0060,5,Ecommerce Social Engagers,trial,D85,0,TPL_0567,12:15,push,TPL_0562,20:15,push,TPL_0570,13:45,push,TPL_0566,20:00,push,TPL_0564,14:00,push,TPL_0561,19:15,push
U0060,5,Ecommerce Social Engagers,trial,D86,1,TPL_0599,14:15,push,TPL_0591,20:00,push,TPL_0598,12:30,push,TPL_0596,20:30,push,TPL_0600,14:30,push,TPL_0593,19:45,push
U0060,5,Ecommerce Social Engagers,trial,D87,2,TPL_0591,13:45,push,TPL_0595,19:15,push,TPL_0593,13:30,push,TPL_0599,20:45,push,TPL_0592,14:00,push,TPL_0600,18:30,push
U0060,5,Ecommerce Social Engagers,trial,D88,3,TPL_0585,14:30,push,TPL_0588,19:00,push,TPL_0581,13:00,push,TPL_0589,19:30,push,TPL_0582,14:30,push,TPL_0587,19:30,push
U0060,5,Ecommerce Social Engagers,trial,D89,4,TPL_0581,14:30,push,TPL_0588,18:15,push,TPL_0584,14:15,push,TPL_0583,18:45,push,TPL_0587,14:30,push,TPL_0590,20:15,push
U0060,5,Ecommerce Social Engagers,trial,D90,5,TPL_0588,14:00,push,TPL_0586,20:45,push,TPL_0589,13:30,push,TPL_0585,19:45,push,TPL_0583,13:00,push,TPL_0581,20:15,push
U0060,5,Ecommerce Social Engagers,trial,D91,6,TPL_0580,13:15,push,TPL_0579,20:45,push,TPL_0577,14:30,push,TPL_0575,20:30,push,TPL_0571,12:15,push,TPL_0578,19:00,push
U0061,0,Ecommerce Needs Attention,trial,D24,0,TPL_0066,16:15,push,TPL_0067,20:30,push,TPL_0070,17:15,push,TPL_0065,20:30,push,,,,,,
U0061,0,Ecommerce Needs Attention,trial,D25,1,TPL_0095,17:00,push,TPL_0091,18:30,push,TPL_0094,15:30,push,TPL_0097,19:30,push,,,,,,
U0061,0,Ecommerce Needs Attention,trial,D26,2,TPL_0098,16:30,push,TPL_0097,20:30,push,TPL_0100,16:00,push,TPL_0093,19:00,push,,,,,,
U0061,0,Ecommerce Needs Attention,trial,D27,3,TPL_0090,17:00,push,TPL_0088,19:15,push,TPL_0081,17:00,push,TPL_0089,20:45,push,,,,,,
U0061,0,Ecommerce Needs Attention,trial,D28,4,TPL_0090,17:30,push,TPL_0087,19:00,push,TPL_0089,15:15,push,TPL_0082,18:30,push,,,,,,
U0061,0,Ecommerce Needs Attention,trial,D29,5,TPL_0090,16:45,push,TPL_0081,18:30,push,TPL_0087,17:15,push,TPL_0085,18:45,push,,,,,,
U0061,0,Ecommerce Needs Attention,trial,D30,6,TPL_0074,16:15,push,TPL_0075,19:00,push,TPL_0078,15:45,push,TPL_0077,19:15,push,,,,,,
U0062,3,Ecommerce Segment 3,churned,D12,0,TPL_0308,12:15,push,TPL_0310,10:00,push,TPL_0301,12:45,push,TPL_0307,11:45,push,TPL_0303,13:45,push,TPL_0302,10:45,push
U0062,3,Ecommerce Segment 3,churned,D13,1,TPL_0304,12:00,push,TPL_0308,11:15,push,TPL_0307,14:30,push,TPL_0306,09:30,push,TPL_0310,14:15,push,TPL_0305,09:00,push
U0062,3,Ecommerce Segment 3,churned,D14,2,TPL_0303,14:15,push,TPL_0308,09:30,push,TPL_0301,13:15,push,TPL_0307,09:45,push,TPL_0302,14:30,push,TPL_0305,09:00,push
U0062,3,Ecommerce Segment 3,churned,D15,3,TPL_0303,12:30,push,TPL_0308,10:45,push,TPL_0301,14:30,push,TPL_0304,10:15,push,TPL_0310,13:45,push,TPL_0306,10:15,push
U0062,3,Ecommerce Segment 3,churned,D16,4,TPL_0307,12:45,push,TPL_0310,09:15,push,TPL_0309,12:15,push,TPL_0303,09:00,push,TPL_0308,14:15,push,TPL_0302,09:30,push
U0062,3,Ecommerce Segment 3,churned,D17,5,TPL_0306,14:00,push,TPL_0310,10:30,push,TPL_0307,14:00,push,TPL_0304,11:00,push,TPL_0309,14:00,push,TPL_0302,11:00,push
U0062,3,Ecommerce Segment 3,churned,D18,6,TPL_0301,12:00,push,TPL_0302,10:45,push,TPL_0306,13:00,push,TPL_0308,11:30,push,TPL_0304,13:15,push,TPL_0309,09:00,push
U0063,2,Ecommerce Social Engagers,trial,D81,0,TPL_0261,07:45,push,TPL_0263,11:00,push,TPL_0264,08:30,push,TPL_0267,11:15,push,,,,,,
U0063,2,Ecommerce Social Engagers,trial,D82,1,TPL_0295,07:00,push,TPL_0296,11:00,push,TPL_0299,07:00,push,TPL_0293,09:45,push,,,,,,
U0063,2,Ecommerce Social Engagers,trial,D83,2,TPL_0296,06:15,push,TPL_0298,10:15,push,TPL_0299,07:45,push,TPL_0293,10:15,push,,,,,,
U0063,2,Ecommerce Social Engagers,trial,D84,3,TPL_0284,06:45,push,TPL_0290,09:45,push,TPL_0282,07:15,push,TPL_0288,09:00,push,,,,,,
U0063,2,Ecommerce Social Engagers,trial,D85,4,TPL_0281,08:00,push,TPL_0283,09:45,push,TPL_0282,06:00,push,TPL_0284,11:00,push,,,,,,
U0063,2,Ecommerce Social Engagers,trial,D86,5,TPL_0282,08:00,push,TPL_0289,10:15,push,TPL_0284,07:30,push,TPL_0288,10:45,push,,,,,,
U0063,2,Ecommerce Social Engagers,trial,D87,6,TPL_0275,06:00,push,TPL_0280,09:00,push,TPL_0272,07:30,push,TPL_0271,11:30,push,,,,,,
U0064,2,Ecommerce Social Engagers,trial,D32,0,TPL_0265,07:00,push,TPL_0267,09:00,push,TPL_0269,06:15,push,TPL_0262,11:15,push,,,,,,
U0064,2,Ecommerce Social Engagers,trial,D33,1,TPL_0292,07:30,push,TPL_0300,10:30,push,TPL_0297,08:00,push,TPL_0295,10:30,push,,,,,,
U0064,2,Ecommerce Social Engagers,trial,D34,2,TPL_0293,06:00,push,TPL_0299,10:45,push,TPL_0295,07:30,push,TPL_0292,10:45,push,,,,,,
U0064,2,Ecommerce Social Engagers,trial,D35,3,TPL_0284,07:15,push,TPL_0281,09:15,push,TPL_0285,08:00,push,TPL_0282,09:00,push,,,,,,
U0064,2,Ecommerce Social Engagers,trial,D36,4,TPL_0284,07:45,push,TPL_0285,11:45,push,TPL_0282,06:45,push,TPL_0286,10:00,push,,,,,,
U0064,2,Ecommerce Social Engagers,trial,D37,5,TPL_0282,08:15,push,TPL_0285,10:45,push,TPL_0288,06:45,push,TPL_0281,10:00,push,,,,,,
U0064,2,Ecommerce Social Engagers,trial,D38,6,TPL_0277,06:30,push,TPL_0274,11:30,push,TPL_0276,06:15,push,TPL_0280,11:30,push,,,,,,
U0065,0,Ecommerce Needs Attention,paid,D15,0,TPL_0054,17:00,push,TPL_0055,19:15,push,TPL_0058,16:30,push,TPL_0059,20:45,push,,,,,,
U0065,0,Ecommerce Needs Attention,paid,D16,1,TPL_0051,15:00,push,TPL_0053,18:15,push,TPL_0058,17:45,push,TPL_0056,19:15,push,,,,,,
U0065,0,Ecommerce Needs Attention,paid,D17,2,TPL_0053,15:45,push,TPL_0055,19:15,push,TPL_0057,16:30,push,TPL_0060,18:15,push,,,,,,
U0065,0,Ecommerce Needs Attention,paid,D18,3,TPL_0059,17:45,push,TPL_0058,19:15,push,TPL_0060,15:45,push,TPL_0054,19:45,push,,,,,,
U0065,0,Ecommerce Needs Attention,paid,D19,4,TPL_0060,15:45,push,TPL_0053,19:30,push,TPL_0052,15:45,push,TPL_0059,20:00,push,,,,,,
U0065,0,Ecommerce Needs Attention,paid,D20,5,TPL_0053,15:45,push,TPL_0054,19:00,push,TPL_0051,17:00,push,TPL_0055,18:30,push,,,,,,
U0065,0,Ecommerce Needs Attention,paid,D21,6,TPL_0060,17:15,push,TPL_0057,20:45,push,TPL_0053,16:30,push,TPL_0056,18:15,push,,,,,,
U0066,0,Ecommerce Needs Attention,trial,D41,0,TPL_0068,16:30,push,TPL_0070,20:45,push,TPL_0067,17:30,push,TPL_0062,20:45,push,,,,,,
U0066,0,Ecommerce Needs Attention,trial,D42,1,TPL_0100,15:00,push,TPL_0096,20:15,push,TPL_0097,15:30,push,TPL_0093,19:30,push,,,,,,
U0066,0,Ecommerce Needs Attention,trial,D43,2,TPL_0096,17:30,push,TPL_0095,20:00,push,TPL_0093,15:15,push,TPL_0094,19:15,push,,,,,,
U0066,0,Ecommerce Needs Attention,trial,D44,3,TPL_0090,17:45,push,TPL_0088,18:30,push,TPL_0089,17:15,push,TPL_0085,18:00,push,,,,,,
U0066,0,Ecommerce Needs Attention,trial,D45,4,TPL_0082,16:15,push,TPL_0085,19:15,push,TPL_0081,17:30,push,TPL_0088,18:45,push,,,,,,
U0066,0,Ecommerce Needs Attention,trial,D46,5,TPL_0086,15:00,push,TPL_0084,19:45,push,TPL_0090,17:15,push,TPL_0083,19:00,push,,,,,,
U0066,0,Ecommerce Needs Attention,trial,D47,6,TPL_0076,17:00,push,TPL_0078,20:45,push,TPL_0074,17:45,push,TPL_0073,20:15,push,,,,,,
U0067,2,Ecommerce Social Engagers,churned,D65,0,TPL_0209,08:15,push,TPL_0210,11:15,push,TPL_0206,06:45,push,TPL_0205,11:30,push,,,,,,
U0067,2,Ecommerce Social Engagers,churned,D66,1,TPL_0202,08:45,push,TPL_0210,10:15,push,TPL_0203,07:45,push,TPL_0205,10:30,push,,,,,,
U0067,2,Ecommerce Social Engagers,churned,D67,2,TPL_0206,07:15,push,TPL_0208,09:45,push,TPL_0205,08:30,push,TPL_0203,11:30,push,,,,,,
U0067,2,Ecommerce Social Engagers,churned,D68,3,TPL_0207,08:15,push,TPL_0209,09:15,push,TPL_0203,08:30,push,TPL_0210,11:30,push,,,,,,
U0067,2,Ecommerce Social Engagers,churned,D69,4,TPL_0210,08:15,push,TPL_0208,11:15,push,TPL_0203,08:30,push,TPL_0206,11:00,push,,,,,,
U0067,2,Ecommerce Social Engagers,churned,D70,5,TPL_0205,07:45,push,TPL_0201,11:45,push,TPL_0202,08:30,push,TPL_0209,10:00,push,,,,,,
U0067,2,Ecommerce Social Engagers,churned,D71,6,TPL_0207,08:00,push,TPL_0204,09:45,push,TPL_0203,06:00,push,TPL_0208,11:00,push,,,,,,
U0068,2,Ecommerce Social Engagers,trial,D54,0,TPL_0265,06:30,push,TPL_0266,09:30,push,TPL_0261,08:30,push,TPL_0269,09:00,push,,,,,,
U0068,2,Ecommerce Social Engagers,trial,D55,1,TPL_0296,08:30,push,TPL_0299,09:00,push,TPL_0292,07:45,push,TPL_0297,09:15,push,,,,,,
U0068,2,Ecommerce Social Engagers,trial,D56,2,TPL_0294,08:45,push,TPL_0293,09:30,push,TPL_0295,08:00,push,TPL_0299,10:45,push,,,,,,
U0068,2,Ecommerce Social Engagers,trial,D57,3,TPL_0282,07:30,push,TPL_0281,11:00,push,TPL_0290,06:30,push,TPL_0288,09:45,push,,,,,,
U0068,2,Ecommerce Social Engagers,trial,D58,4,TPL_0289,06:30,push,TPL_0282,11:15,push,TPL_0284,08:15,push,TPL_0288,10:45,push,,,,,,
U0068,2,Ecommerce Social Engagers,trial,D59,5,TPL_0288,06:00,push,TPL_0283,09:15,push,TPL_0287,08:00,push,TPL_0284,10:00,push,,,,,,
U0068,2,Ecommerce Social Engagers,trial,D60,6,TPL_0278,07:30,push,TPL_0277,11:30,push,TPL_0280,06:15,push,TPL_0274,11:30,push,,,,,,
U0069,2,Ecommerce Social Engagers,inactive,D41,0,TPL_0212,06:30,push,TPL_0220,10:15,push,TPL_0215,06:15,push,TPL_0214,10:00,push,,,,,,
U0069,2,Ecommerce Social Engagers,inactive,D42,1,TPL_0211,08:30,push,TPL_0214,10:30,push,TPL_0215,06:30,push,TPL_0220,11:15,push,,,,,,
U0069,2,Ecommerce Social Engagers,inactive,D43,2,TPL_0214,06:00,push,TPL_0213,11:15,push,TPL_0215,07:45,push,TPL_0219,09:30,push,,,,,,
U0069,2,Ecommerce Social Engagers,inactive,D44,3,TPL_0217,06:15,push,TPL_0213,11:30,push,TPL_0218,07:30,push,TPL_0212,10:15,push,,,,,,
U0069,2,Ecommerce Social Engagers,inactive,D45,4,TPL_0215,08:45,push,TPL_0213,11:00,push,TPL_0214,06:30,push,TPL_0219,10:15,push,,,,,,
U0069,2,Ecommerce Social Engagers,inactive,D46,5,TPL_0220,08:15,push,TPL_0219,09:30,push,TPL_0215,07:00,push,TPL_0214,10:30,push,,,,,,
U0069,2,Ecommerce Social Engagers,inactive,D47,6,TPL_0216,08:30,push,TPL_0212,09:30,push,TPL_0215,08:45,push,TPL_0220,10:00,push,,,,,,
U0070,2,Ecommerce Social Engagers,churned,D33,0,TPL_0207,07:15,push,TPL_0206,10:00,push,TPL_0210,06:15,push,TPL_0201,11:00,push,,,,,,
U0070,2,Ecommerce Social Engagers,churned,D34,1,TPL_0205,08:00,push,TPL_0204,09:15,push,TPL_0207,08:45,push,TPL_0206,09:15,push,,,,,,
U0070,2,Ecommerce Social Engagers,churned,D35,2,TPL_0204,08:45,push,TPL_0205,11:00,push,TPL_0206,08:15,push,TPL_0208,09:45,push,,,,,,
U0070,2,Ecommerce Social Engagers,churned,D36,3,TPL_0202,08:30,push,TPL_0208,09:00,push,TPL_0206,06:00,push,TPL_0203,09:30,push,,,,,,
U0070,2,Ecommerce Social Engagers,churned,D37,4,TPL_0205,08:00,push,TPL_0201,11:15,push,TPL_0204,07:45,push,TPL_0207,10:45,push,,,,,,
U0070,2,Ecommerce Social Engagers,churned,D38,5,TPL_0207,08:45,push,TPL_0205,10:30,push,TPL_0208,06:45,push,TPL_0210,11:00,push,,,,,,
U0070,2,Ecommerce Social Engagers,churned,D39,6,TPL_0207,08:00,push,TPL_0210,11:00,push,TPL_0209,08:00,push,TPL_0205,11:00,push,,,,,,
U0071,0,Ecommerce Needs Attention,trial,D29,0,TPL_0069,16:00,push,TPL_0070,19:30,push,TPL_0062,17:00,push,TPL_0068,19:45,push,,,,,,
U0071,0,Ecommerce Needs Attention,trial,D30,1,TPL_0098,16:45,push,TPL_0093,20:00,push,TPL_0092,16:15,push,TPL_0100,20:15,push,,,,,,
U0071,0,Ecommerce Needs Attention,trial,D31,2,TPL_0097,15:45,push,TPL_0096,20:30,push,TPL_0092,17:15,push,TPL_0095,19:30,push,,,,,,
U0071,0,Ecommerce Needs Attention,trial,D32,3,TPL_0083,15:15,push,TPL_0088,18:00,push,TPL_0084,15:45,push,TPL_0090,20:00,push,,,,,,
U0071,0,Ecommerce Needs Attention,trial,D33,4,TPL_0085,16:15,push,TPL_0082,20:30,push,TPL_0089,15:45,push,TPL_0081,20:15,push,,,,,,
U0071,0,Ecommerce Needs Attention,trial,D34,5,TPL_0090,15:15,push,TPL_0086,18:30,push,TPL_0083,15:00,push,TPL_0085,18:00,push,,,,,,
U0071,0,Ecommerce Needs Attention,trial,D35,6,TPL_0074,17:45,push,TPL_0080,20:00,push,TPL_0071,16:00,push,TPL_0079,19:00,push,,,,,,
U0072,0,Ecommerce Needs Attention,trial,D12,0,TPL_0068,15:45,push,TPL_0070,19:30,push,TPL_0065,15:15,push,TPL_0063,18:30,push,,,,,,
U0072,0,Ecommerce Needs Attention,trial,D13,1,TPL_0091,17:00,push,TPL_0093,18:30,push,TPL_0095,16:45,push,TPL_0099,19:30,push,,,,,,
U0072,0,Ecommerce Needs Attention,trial,D14,2,TPL_0096,17:15,push,TPL_0093,20:30,push,TPL_0100,16:45,push,TPL_0091,18:00,push,,,,,,
U0072,0,Ecommerce Needs Attention,trial,D15,3,TPL_0089,16:15,push,TPL_0085,18:45,push,TPL_0088,16:30,push,TPL_0087,18:30,push,,,,,,
U0072,0,Ecommerce Needs Attention,trial,D16,4,TPL_0088,16:45,push,TPL_0090,19:30,push,TPL_0086,16:45,push,TPL_0089,20:00,push,,,,,,
U0072,0,Ecommerce Needs Attention,trial,D17,5,TPL_0085,15:00,push,TPL_0090,19:15,push,TPL_0084,17:15,push,TPL_0082,19:00,push,,,,,,
U0072,0,Ecommerce Needs Attention,trial,D18,6,TPL_0071,17:00,push,TPL_0080,18:00,push,TPL_0076,17:45,push,TPL_0074,20:15,push,,,,,,
U0073,0,Ecommerce Needs Attention,churned,D12,0,TPL_0004,15:30,push,TPL_0005,20:45,push,TPL_0009,17:15,push,TPL_0002,19:45,push,,,,,,
U0073,0,Ecommerce Needs Attention,churned,D13,1,TPL_0001,15:30,push,TPL_0006,18:45,push,TPL_0005,17:00,push,TPL_0007,19:30,push,,,,,,
U0073,0,Ecommerce Needs Attention,churned,D14,2,TPL_0005,17:00,push,TPL_0010,20:15,push,TPL_0006,17:15,push,TPL_0004,20:15,push,,,,,,
U0073,0,Ecommerce Needs Attention,churned,D15,3,TPL_0007,16:15,push,TPL_0002,18:15,push,TPL_0001,17:45,push,TPL_0006,19:00,push,,,,,,
U0073,0,Ecommerce Needs Attention,churned,D16,4,TPL_0008,15:45,push,TPL_0009,18:00,push,TPL_0001,16:30,push,TPL_0010,18:00,push,,,,,,
U0073,0,Ecommerce Needs Attention,churned,D17,5,TPL_0009,17:15,push,TPL_0001,20:30,push,TPL_0006,16:45,push,TPL_0002,19:00,push,,,,,,
U0073,0,Ecommerce Needs Attention,churned,D18,6,TPL_0006,15:30,push,TPL_0009,18:30,push,TPL_0010,17:30,push,TPL_0005,20:15,push,,,,,,
U0074,0,Ecommerce Needs Attention,paid,D17,0,TPL_0058,16:45,push,TPL_0057,19:00,push,TPL_0059,17:30,push,TPL_0054,19:15,push,,,,,,
U0074,0,Ecommerce Needs Attention,paid,D18,1,TPL_0056,17:45,push,TPL_0052,19:30,push,TPL_0054,16:45,push,TPL_0057,20:00,push,,,,,,
U0074,0,Ecommerce Needs Attention,paid,D19,2,TPL_0058,17:15,push,TPL_0053,19:15,push,TPL_0054,15:00,push,TPL_0060,20:30,push,,,,,,
U0074,0,Ecommerce Needs Attention,paid,D20,3,TPL_0058,15:15,push,TPL_0051,18:15,push,TPL_0052,16:00,push,TPL_0057,20:15,push,,,,,,
U0074,0,Ecommerce Needs Attention,paid,D21,4,TPL_0055,16:30,push,TPL_0060,20:00,push,TPL_0051,16:45,push,TPL_0056,19:15,push,,,,,,
U0074,0,Ecommerce Needs Attention,paid,D22,5,TPL_0055,17:15,push,TPL_0052,20:45,push,TPL_0054,15:15,push,TPL_0059,18:15,push,,,,,,
U0074,0,Ecommerce Needs Attention,paid,D23,6,TPL_0058,17:15,push,TPL_0059,18:00,push,TPL_0051,17:15,push,TPL_0053,18:15,push,,,,,,
U0075,2,Ecommerce Social Engagers,paid,D31,0,TPL_0257,07:15,push,TPL_0251,11:45,push,TPL_0252,08:00,push,TPL_0260,11:30,push,,,,,,
U0075,2,Ecommerce Social Engagers,paid,D32,1,TPL_0255,06:15,push,TPL_0256,10:45,push,TPL_0258,07:15,push,TPL_0260,09:45,push,,,,,,
U0075,2,Ecommerce Social Engagers,paid,D33,2,TPL_0257,08:15,push,TPL_0253,11:15,push,TPL_0256,08:30,push,TPL_0258,09:30,push,,,,,,
U0075,2,Ecommerce Social Engagers,paid,D34,3,TPL_0251,07:00,push,TPL_0257,09:45,push,TPL_0256,07:15,push,TPL_0260,09:00,push,,,,,,
U0075,2,Ecommerce Social Engagers,paid,D35,4,TPL_0258,06:45,push,TPL_0254,09:00,push,TPL_0259,06:45,push,TPL_0257,11:00,push,,,,,,
U0075,2,Ecommerce Social Engagers,paid,D36,5,TPL_0260,08:00,push,TPL_0254,09:45,push,TPL_0258,08:15,push,TPL_0259,11:00,push,,,,,,
U0075,2,Ecommerce Social Engagers,paid,D37,6,TPL_0252,08:45,push,TPL_0255,11:45,push,TPL_0258,07:00,push,TPL_0253,11:45,push,,,,,,
U0076,0,Ecommerce Needs Attention,churned,D38,0,TPL_0008,15:45,push,TPL_0001,19:30,push,TPL_0007,17:00,push,TPL_0004,19:15,push,,,,,,
U0076,0,Ecommerce Needs Attention,churned,D39,1,TPL_0004,16:45,push,TPL_0007,18:00,push,TPL_0009,16:45,push,TPL_0010,19:15,push,,,,,,
U0076,0,Ecommerce Needs Attention,churned,D40,2,TPL_0008,15:00,push,TPL_0003,20:00,push,TPL_0005,17:00,push,TPL_0006,19:15,push,,,,,,
U0076,0,Ecommerce Needs Attention,churned,D41,3,TPL_0007,17:30,push,TPL_0006,19:30,push,TPL_0002,15:15,push,TPL_0003,19:30,push,,,,,,
U0076,0,Ecommerce Needs Attention,churned,D42,4,TPL_0006,16:45,push,TPL_0004,20:30,push,TPL_0003,17:30,push,TPL_0001,20:45,push,,,,,,
U0076,0,Ecommerce Needs Attention,churned,D43,5,TPL_0009,15:45,push,TPL_0008,20:45,push,TPL_0010,15:30,push,TPL_0007,20:45,push,,,,,,
U0076,0,Ecommerce Needs Attention,churned,D44,6,TPL_0005,16:30,push,TPL_0007,20:30,push,TPL_0006,17:45,push,TPL_0002,20:15,push,,,,,,
U0077,0,Ecommerce Needs Attention,trial,D45,0,TPL_0066,17:00,push,TPL_0061,20:15,push,TPL_0062,16:15,push,TPL_0069,18:15,push,,,,,,
U0077,0,Ecommerce Needs Attention,trial,D46,1,TPL_0095,17:45,push,TPL_0096,19:00,push,TPL_0093,15:45,push,TPL_0094,20:00,push,,,,,,
U0077,0,Ecommerce Needs Attention,trial,D47,2,TPL_0100,15:15,push,TPL_0093,19:45,push,TPL_0099,15:00,push,TPL_0092,19:15,push,,,,,,
U0077,0,Ecommerce Needs Attention,trial,D48,3,TPL_0089,16:00,push,TPL_0088,20:00,push,TPL_0085,17:45,push,TPL_0084,19:30,push,,,,,,
U0077,0,Ecommerce Needs Attention,trial,D49,4,TPL_0086,17:00,push,TPL_0084,18:45,push,TPL_0082,16:00,push,TPL_0081,18:30,push,,,,,,
U0077,0,Ecommerce Needs Attention,trial,D50,5,TPL_0090,15:00,push,TPL_0088,20:15,push,TPL_0081,17:15,push,TPL_0089,20:00,push,,,,,,
U0077,0,Ecommerce Needs Attention,trial,D51,6,TPL_0075,16:15,push,TPL_0080,20:00,push,TPL_0078,15:00,push,TPL_0074,19:45,push,,,,,,
U0078,0,Ecommerce Needs Attention,trial,D28,0,TPL_0067,16:45,push,TPL_0063,19:15,push,TPL_0066,17:00,push,TPL_0061,20:00,push,,,,,,
U0078,0,Ecommerce Needs Attention,trial,D29,1,TPL_0098,15:30,push,TPL_0099,20:30,push,TPL_0093,16:30,push,TPL_0091,18:15,push,,,,,,
U0078,0,Ecommerce Needs Attention,trial,D30,2,TPL_0091,16:45,push,TPL_0100,20:00,push,TPL_0092,16:15,push,TPL_0093,19:00,push,,,,,,
U0078,0,Ecommerce Needs Attention,trial,D31,3,TPL_0084,17:00,push,TPL_0086,20:30,push,TPL_0082,16:00,push,TPL_0081,20:30,push,,,,,,
U0078,0,Ecommerce Needs Attention,trial,D32,4,TPL_0088,17:30,push,TPL_0085,20:45,push,TPL_0087,16:45,push,TPL_0086,18:30,push,,,,,,
U0078,0,Ecommerce Needs Attention,trial,D33,5,TPL_0082,16:45,push,TPL_0088,20:00,push,TPL_0090,16:00,push,TPL_0081,19:00,push,,,,,,
U0078,0,Ecommerce Needs Attention,trial,D34,6,TPL_0072,16:15,push,TPL_0080,20:15,push,TPL_0078,16:45,push,TPL_0073,19:00,push,,,,,,
U0079,3,Ecommerce Segment 3,trial,D61,0,TPL_0364,14:30,push,TPL_0370,09:30,push,TPL_0362,12:45,push,TPL_0363,11:30,push,TPL_0368,12:15,push,TPL_0361,10:30,push
U0079,3,Ecommerce Segment 3,trial,D62,1,TPL_0392,13:15,push,TPL_0399,11:30,push,TPL_0397,12:15,push,TPL_0393,10:15,push,TPL_0395,12:15,push,TPL_0398,10:15,push
U0079,3,Ecommerce Segment 3,trial,D63,2,TPL_0395,12:15,push,TPL_0394,09:30,push,TPL_0399,12:00,push,TPL_0393,09:00,push,TPL_0396,14:45,push,TPL_0392,11:00,push
U0079,3,Ecommerce Segment 3,trial,D64,3,TPL_0387,14:00,push,TPL_0384,10:30,push,TPL_0388,14:30,push,TPL_0383,10:30,push,TPL_0386,13:15,push,TPL_0390,11:30,push
U0079,3,Ecommerce Segment 3,trial,D65,4,TPL_0384,13:15,push,TPL_0388,11:15,push,TPL_0389,12:45,push,TPL_0383,10:00,push,TPL_0387,14:30,push,TPL_0382,10:15,push
U0079,3,Ecommerce Segment 3,trial,D66,5,TPL_0381,13:00,push,TPL_0390,11:45,push,TPL_0387,13:00,push,TPL_0386,09:15,push,TPL_0389,13:00,push,TPL_0384,10:30,push
U0079,3,Ecommerce Segment 3,trial,D67,6,TPL_0379,14:30,push,TPL_0373,09:30,push,TPL_0371,12:30,push,TPL_0376,10:30,push,TPL_0380,13:15,push,TPL_0372,10:45,push
U0080,0,Ecommerce Needs Attention,churned,D61,0,TPL_0005,15:45,push,TPL_0007,20:30,push,TPL_0002,16:45,push,TPL_0004,19:45,push,,,,,,
U0080,0,Ecommerce Needs Attention,churned,D62,1,TPL_0008,15:15,push,TPL_0007,20:15,push,TPL_0005,15:30,push,TPL_0010,18:45,push,,,,,,
U0080,0,Ecommerce Needs Attention,churned,D63,2,TPL_0007,16:15,push,TPL_0003,18:15,push,TPL_0006,16:00,push,TPL_0010,18:45,push,,,,,,
U0080,0,Ecommerce Needs Attention,churned,D64,3,TPL_0006,16:15,push,TPL_0007,20:30,push,TPL_0005,16:30,push,TPL_0010,19:00,push,,,,,,
U0080,0,Ecommerce Needs Attention,churned,D65,4,TPL_0010,16:00,push,TPL_0004,20:15,push,TPL_0001,15:15,push,TPL_0005,19:45,push,,,,,,
U0080,0,Ecommerce Needs Attention,churned,D66,5,TPL_0008,17:00,push,TPL_0004,19:30,push,TPL_0007,16:30,push,TPL_0002,19:30,push,,,,,,
U0080,0,Ecommerce Needs Attention,churned,D67,6,TPL_0010,16:00,push,TPL_0008,19:00,push,TPL_0009,16:15,push,TPL_0002,20:15,push,,,,,,
U0081,0,Ecommerce Needs Attention,paid,D56,0,TPL_0058,16:30,push,TPL_0051,19:45,push,TPL_0055,17:45,push,TPL_0054,18:45,push,,,,,,
U0081,0,Ecommerce Needs Attention,paid,D57,1,TPL_0057,17:30,push,TPL_0054,19:15,push,TPL_0051,15:30,push,TPL_0058,19:45,push,,,,,,
U0081,0,Ecommerce Needs Attention,paid,D58,2,TPL_0052,15:00,push,TPL_0051,18:30,push,TPL_0055,15:30,push,TPL_0057,19:30,push,,,,,,
U0081,0,Ecommerce Needs Attention,paid,D59,3,TPL_0058,17:30,push,TPL_0060,20:45,push,TPL_0056,16:45,push,TPL_0052,19:45,push,,,,,,
U0081,0,Ecommerce Needs Attention,paid,D60,4,TPL_0053,16:15,push,TPL_0051,18:00,push,TPL_0059,15:15,push,TPL_0052,20:30,push,,,,,,
U0081,0,Ecommerce Needs Attention,paid,D61,5,TPL_0051,17:00,push,TPL_0054,18:15,push,TPL_0053,16:00,push,TPL_0057,18:00,push,,,,,,
U0081,0,Ecommerce Needs Attention,paid,D62,6,TPL_0054,16:00,push,TPL_0057,18:45,push,TPL_0059,17:00,push,TPL_0056,18:30,push,,,,,,
U0082,5,Ecommerce Social Engagers,trial,D15,0,TPL_0567,14:15,push,TPL_0562,18:45,push,TPL_0568,13:15,push,TPL_0569,18:30,push,TPL_0564,13:15,push,TPL_0566,18:15,push
U0082,5,Ecommerce Social Engagers,trial,D16,1,TPL_0593,12:00,push,TPL_0591,20:30,push,TPL_0592,13:45,push,TPL_0596,19:30,push,TPL_0595,14:45,push,TPL_0597,18:15,push
U0082,5,Ecommerce Social Engagers,trial,D17,2,TPL_0593,14:45,push,TPL_0597,20:45,push,TPL_0596,14:30,push,TPL_0595,19:45,push,TPL_0600,14:15,push,TPL_0599,18:45,push
U0082,5,Ecommerce Social Engagers,trial,D18,3,TPL_0584,13:30,push,TPL_0588,19:30,push,TPL_0587,12:30,push,TPL_0586,18:00,push,TPL_0589,14:15,push,TPL_0585,19:30,push
U0082,5,Ecommerce Social Engagers,trial,D19,4,TPL_0581,13:00,push,TPL_0583,20:45,push,TPL_0589,13:30,push,TPL_0585,18:45,push,TPL_0587,13:15,push,TPL_0582,18:30,push
U0082,5,Ecommerce Social Engagers,trial,D20,5,TPL_0582,12:45,push,TPL_0583,20:45,push,TPL_0585,13:15,push,TPL_0588,18:45,push,TPL_0589,13:15,push,TPL_0590,19:00,push
U0082,5,Ecommerce Social Engagers,trial,D21,6,TPL_0573,13:15,push,TPL_0578,20:30,push,TPL_0574,13:30,push,TPL_0579,19:15,push,TPL_0575,12:15,push,TPL_0577,18:30,push
U0083,0,Ecommerce Needs Attention,trial,D55,0,TPL_0070,15:45,push,TPL_0062,20:45,push,TPL_0064,16:45,push,TPL_0066,18:30,push,,,,,,
U0083,0,Ecommerce Needs Attention,trial,D56,1,TPL_0100,15:15,push,TPL_0099,18:00,push,TPL_0091,15:00,push,TPL_0097,19:30,push,,,,,,
U0083,0,Ecommerce Needs Attention,trial,D57,2,TPL_0099,15:45,push,TPL_0097,20:00,push,TPL_0095,15:00,push,TPL_0098,18:00,push,,,,,,
U0083,0,Ecommerce Needs Attention,trial,D58,3,TPL_0086,16:15,push,TPL_0090,19:45,push,TPL_0089,16:45,push,TPL_0088,19:45,push,,,,,,
U0083,0,Ecommerce Needs Attention,trial,D59,4,TPL_0082,17:00,push,TPL_0086,19:00,push,TPL_0089,15:00,push,TPL_0088,19:45,push,,,,,,
U0083,0,Ecommerce Needs Attention,trial,D60,5,TPL_0090,15:45,push,TPL_0088,18:15,push,TPL_0084,16:45,push,TPL_0089,18:00,push,,,,,,
U0083,0,Ecommerce Needs Attention,trial,D61,6,TPL_0073,17:15,push,TPL_0075,19:45,push,TPL_0074,15:00,push,TPL_0077,18:45,push,,,,,,
U0084,0,Ecommerce Needs Attention,trial,D9,0,TPL_0069,17:00,push,TPL_0064,20:15,push,TPL_0062,16:45,push,TPL_0067,20:30,push,,,,,,
U0084,0,Ecommerce Needs Attention,trial,D10,1,TPL_0097,16:15,push,TPL_0094,20:00,push,TPL_0092,17:00,push,TPL_0100,19:45,push,,,,,,
U0084,0,Ecommerce Needs Attention,trial,D11,2,TPL_0098,17:30,push,TPL_0093,18:30,push,TPL_0097,15:15,push,TPL_0100,18:15,push,,,,,,
U0084,0,Ecommerce Needs Attention,trial,D12,3,TPL_0087,17:45,push,TPL_0089,19:00,push,TPL_0082,15:30,push,TPL_0086,20:00,push,,,,,,
U0084,0,Ecommerce Needs Attention,trial,D13,4,TPL_0083,16:15,push,TPL_0087,18:00,push,TPL_0081,17:45,push,TPL_0090,20:15,push,,,,,,
U0084,0,Ecommerce Needs Attention,trial,D14,5,TPL_0084,16:00,push,TPL_0081,18:15,push,TPL_0090,16:00,push,TPL_0082,20:30,push,,,,,,
U0084,0,Ecommerce Needs Attention,trial,D15,6,TPL_0071,17:00,push,TPL_0072,18:30,push,TPL_0074,17:15,push,TPL_0079,20:00,push,,,,,,
U0085,0,Ecommerce Needs Attention,trial,D29,0,TPL_0067,15:45,push,TPL_0061,18:30,push,TPL_0070,17:30,push,TPL_0063,19:15,push,,,,,,
U0085,0,Ecommerce Needs Attention,trial,D30,1,TPL_0095,15:45,push,TPL_0096,19:15,push,TPL_0092,16:00,push,TPL_0097,19:45,push,,,,,,
U0085,0,Ecommerce Needs Attention,trial,D31,2,TPL_0095,17:30,push,TPL_0097,20:45,push,TPL_0099,15:15,push,TPL_0093,20:30,push,,,,,,
U0085,0,Ecommerce Needs Attention,trial,D32,3,TPL_0084,16:45,push,TPL_0087,19:15,push,TPL_0088,15:15,push,TPL_0083,19:30,push,,,,,,
U0085,0,Ecommerce Needs Attention,trial,D33,4,TPL_0089,16:30,push,TPL_0088,19:00,push,TPL_0090,17:45,push,TPL_0082,20:15,push,,,,,,
U0085,0,Ecommerce Needs Attention,trial,D34,5,TPL_0085,15:30,push,TPL_0086,20:15,push,TPL_0088,16:00,push,TPL_0082,20:45,push,,,,,,
U0085,0,Ecommerce Needs Attention,trial,D35,6,TPL_0079,15:45,push,TPL_0077,20:15,push,TPL_0071,17:30,push,TPL_0078,19:45,push,,,,,,
U0086,3,Ecommerce Segment 3,paid,D24,0,TPL_0355,14:30,push,TPL_0353,09:00,push,TPL_0354,14:00,push,TPL_0357,09:15,push,TPL_0356,12:00,push,TPL_0359,09:00,push
U0086,3,Ecommerce Segment 3,paid,D25,1,TPL_0351,13:15,push,TPL_0357,09:00,push,TPL_0355,14:45,push,TPL_0358,11:45,push,TPL_0359,14:30,push,TPL_0354,09:30,push
U0086,3,Ecommerce Segment 3,paid,D26,2,TPL_0355,12:00,push,TPL_0360,09:15,push,TPL_0353,14:45,push,TPL_0359,09:45,push,TPL_0354,14:00,push,TPL_0356,10:45,push
U0086,3,Ecommerce Segment 3,paid,D27,3,TPL_0358,13:00,push,TPL_0353,11:30,push,TPL_0357,14:00,push,TPL_0352,11:00,push,TPL_0351,13:00,push,TPL_0356,09:00,push
U0086,3,Ecommerce Segment 3,paid,D28,4,TPL_0358,12:15,push,TPL_0357,11:45,push,TPL_0352,12:15,push,TPL_0360,11:15,push,TPL_0351,14:15,push,TPL_0353,11:45,push
U0086,3,Ecommerce Segment 3,paid,D29,5,TPL_0353,14:00,push,TPL_0352,11:30,push,TPL_0358,14:45,push,TPL_0359,11:45,push,TPL_0354,12:15,push,TPL_0360,09:45,push
U0086,3,Ecommerce Segment 3,paid,D30,6,TPL_0351,14:30,push,TPL_0355,11:15,push,TPL_0358,14:45,push,TPL_0356,10:30,push,TPL_0354,14:30,push,TPL_0353,10:45,push
U0087,0,Ecommerce Needs Attention,paid,D83,0,TPL_0060,17:45,push,TPL_0056,20:30,push,TPL_0055,17:15,push,TPL_0058,20:15,push,,,,,,
U0087,0,Ecommerce Needs Attention,paid,D84,1,TPL_0051,16:30,push,TPL_0058,19:45,push,TPL_0057,16:45,push,TPL_0054,18:00,push,,,,,,
U0087,0,Ecommerce Needs Attention,paid,D85,2,TPL_0059,16:00,push,TPL_0051,20:15,push,TPL_0058,16:00,push,TPL_0055,19:15,push,,,,,,
U0087,0,Ecommerce Needs Attention,paid,D86,3,TPL_0059,15:30,push,TPL_0056,18:30,push,TPL_0058,17:15,push,TPL_0055,18:00,push,,,,,,
U0087,0,Ecommerce Needs Attention,paid,D87,4,TPL_0057,16:30,push,TPL_0058,18:15,push,TPL_0053,16:30,push,TPL_0059,20:15,push,,,,,,
U0087,0,Ecommerce Needs Attention,paid,D88,5,TPL_0051,15:30,push,TPL_0054,19:00,push,TPL_0057,17:45,push,TPL_0059,20:15,push,,,,,,
U0087,0,Ecommerce Needs Attention,paid,D89,6,TPL_0057,17:00,push,TPL_0058,20:30,push,TPL_0054,16:15,push,TPL_0052,19:00,push,,,,,,
U0088,1,Ecommerce At-Risk Users,churned,D4,0,TPL_0106,17:30,push,TPL_0107,21:45,push,TPL_0104,15:00,push,TPL_0102,22:30,push,,,,,,
U0088,1,Ecommerce At-Risk Users,churned,D5,1,TPL_0101,16:45,push,TPL_0102,21:15,push,TPL_0109,17:00,push,TPL_0106,23:45,push,,,,,,
U0088,1,Ecommerce At-Risk Users,churned,D6,2,TPL_0108,15:30,push,TPL_0105,23:00,push,TPL_0104,16:15,push,TPL_0106,22:15,push,,,,,,
U0088,1,Ecommerce At-Risk Users,churned,D7,3,TPL_0104,15:00,push,TPL_0101,23:45,push,TPL_0109,16:00,push,TPL_0108,21:45,push,,,,,,
U0088,1,Ecommerce At-Risk Users,churned,D8,4,TPL_0103,16:45,push,TPL_0105,21:15,push,TPL_0106,16:00,push,TPL_0102,22:00,push,,,,,,
U0088,1,Ecommerce At-Risk Users,churned,D9,5,TPL_0105,17:45,push,TPL_0106,22:00,push,TPL_0102,16:45,push,TPL_0101,23:15,push,,,,,,
U0088,1,Ecommerce At-Risk Users,churned,D10,6,TPL_0107,15:45,push,TPL_0108,23:15,push,TPL_0103,16:45,push,TPL_0102,23:15,push,,,,,,
U0089,0,Ecommerce Needs Attention,paid,D64,0,TPL_0052,17:15,push,TPL_0055,18:00,push,TPL_0058,16:45,push,TPL_0051,19:00,push,,,,,,
U0089,0,Ecommerce Needs Attention,paid,D65,1,TPL_0058,15:45,push,TPL_0051,19:30,push,TPL_0055,16:15,push,TPL_0053,19:30,push,,,,,,
U0089,0,Ecommerce Needs Attention,paid,D66,2,TPL_0056,17:00,push,TPL_0055,19:15,push,TPL_0058,16:45,push,TPL_0054,20:15,push,,,,,,
U0089,0,Ecommerce Needs Attention,paid,D67,3,TPL_0055,16:00,push,TPL_0051,18:15,push,TPL_0060,17:30,push,TPL_0057,18:00,push,,,,,,
U0089,0,Ecommerce Needs Attention,paid,D68,4,TPL_0051,15:00,push,TPL_0059,18:15,push,TPL_0058,16:00,push,TPL_0053,19:00,push,,,,,,
U0089,0,Ecommerce Needs Attention,paid,D69,5,TPL_0059,16:45,push,TPL_0053,19:00,push,TPL_0052,16:15,push,TPL_0054,20:15,push,,,,,,
U0089,0,Ecommerce Needs Attention,paid,D70,6,TPL_0058,15:30,push,TPL_0052,20:45,push,TPL_0053,17:15,push,TPL_0051,20:00,push,,,,,,
U0090,3,Ecommerce Segment 3,trial,D48,0,TPL_0369,13:00,push,TPL_0365,10:15,push,TPL_0367,12:30,push,TPL_0361,09:30,push,TPL_0368,12:45,push,TPL_0366,11:00,push
U0090,3,Ecommerce Segment 3,trial,D49,1,TPL_0395,12:45,push,TPL_0396,11:30,push,TPL_0398,14:30,push,TPL_0392,09:00,push,TPL_0399,13:45,push,TPL_0391,09:45,push
U0090,3,Ecommerce Segment 3,trial,D50,2,TPL_0397,14:00,push,TPL_0396,10:45,push,TPL_0394,14:00,push,TPL_0395,09:15,push,TPL_0399,14:45,push,TPL_0392,11:00,push
U0090,3,Ecommerce Segment 3,trial,D51,3,TPL_0383,12:15,push,TPL_0382,11:30,push,TPL_0381,13:45,push,TPL_0388,10:15,push,TPL_0386,12:30,push,TPL_0385,11:30,push
U0090,3,Ecommerce Segment 3,trial,D52,4,TPL_0388,13:30,push,TPL_0382,09:30,push,TPL_0381,12:30,push,TPL_0384,10:00,push,TPL_0383,14:30,push,TPL_0389,09:15,push
U0090,3,Ecommerce Segment 3,trial,D53,5,TPL_0383,13:45,push,TPL_0390,11:15,push,TPL_0387,12:45,push,TPL_0388,11:15,push,TPL_0384,13:15,push,TPL_0385,11:15,push
U0090,3,Ecommerce Segment 3,trial,D54,6,TPL_0376,13:30,push,TPL_0379,11:30,push,TPL_0374,13:15,push,TPL_0372,09:15,push,TPL_0375,14:15,push,TPL_0373,09:30,push
U0091,1,Ecommerce At-Risk Users,paid,D2,0,TPL_0155,17:15,push,TPL_0151,22:15,push,TPL_0159,17:15,push,TPL_0152,22:00,push,,,,,,
U0091,1,Ecommerce At-Risk Users,paid,D3,1,TPL_0160,17:00,push,TPL_0155,21:30,push,TPL_0156,15:00,push,TPL_0152,22:45,push,,,,,,
U0091,1,Ecommerce At-Risk Users,paid,D4,2,TPL_0156,16:30,push,TPL_0155,22:30,push,TPL_0154,15:15,push,TPL_0159,21:15,push,,,,,,
U0091,1,Ecommerce At-Risk Users,paid,D5,3,TPL_0153,15:00,push,TPL_0159,23:30,push,TPL_0158,17:15,push,TPL_0152,23:15,push,,,,,,
U0091,1,Ecommerce At-Risk Users,paid,D6,4,TPL_0157,15:00,push,TPL_0151,22:00,push,TPL_0160,17:45,push,TPL_0154,21:45,push,,,,,,
U0091,1,Ecommerce At-Risk Users,paid,D7,5,TPL_0158,17:30,push,TPL_0153,21:45,push,TPL_0152,16:45,push,TPL_0159,21:15,push,,,,,,
U0091,1,Ecommerce At-Risk Users,paid,D8,6,TPL_0156,15:15,push,TPL_0151,21:45,push,TPL_0159,15:30,push,TPL_0153,22:15,push,,,,,,
U0092,0,Ecommerce Needs Attention,churned,D44,0,TPL_0007,17:15,push,TPL_0001,18:00,push,TPL_0003,15:45,push,TPL_0005,20:45,push,,,,,,
U0092,0,Ecommerce Needs Attention,churned,D45,1,TPL_0007,17:30,push,TPL_0009,19:15,push,TPL_0004,16:45,push,TPL_0005,18:45,push,,,,,,
U0092,0,Ecommerce Needs Attention,churned,D46,2,TPL_0007,17:30,push,TPL_0003,19:00,push,TPL_0004,17:00,push,TPL_0010,19:45,push,,,,,,
U0092,0,Ecommerce Needs Attention,churned,D47,3,TPL_0007,15:15,push,TPL_0003,20:45,push,TPL_0010,17:00,push,TPL_0008,20:45,push,,,,,,
U0092,0,Ecommerce Needs Attention,churned,D48,4,TPL_0008,17:00,push,TPL_0002,18:30,push,TPL_0007,16:45,push,TPL_0009,19:30,push,,,,,,
U0092,0,Ecommerce Needs Attention,churned,D49,5,TPL_0007,16:15,push,TPL_0001,19:30,push,TPL_0006,17:00,push,TPL_0010,20:15,push,,,,,,
U0092,0,Ecommerce Needs Attention,churned,D50,6,TPL_0004,16:45,push,TPL_0006,18:00,push,TPL_0001,15:15,push,TPL_0010,19:45,push,,,,,,
U0093,2,Ecommerce Social Engagers,paid,D13,0,TPL_0258,07:45,push,TPL_0251,09:15,push,TPL_0260,07:15,push,TPL_0254,10:00,push,,,,,,
U0093,2,Ecommerce Social Engagers,paid,D14,1,TPL_0254,07:30,push,TPL_0255,11:15,push,TPL_0259,08:00,push,TPL_0252,09:00,push,,,,,,
U0093,2,Ecommerce Social Engagers,paid,D15,2,TPL_0257,08:45,push,TPL_0260,11:30,push,TPL_0256,06:45,push,TPL_0255,11:15,push,,,,,,
U0093,2,Ecommerce Social Engagers,paid,D16,3,TPL_0253,07:45,push,TPL_0254,09:15,push,TPL_0259,07:15,push,TPL_0256,09:15,push,,,,,,
U0093,2,Ecommerce Social Engagers,paid,D17,4,TPL_0251,06:00,push,TPL_0254,10:30,push,TPL_0259,07:45,push,TPL_0256,10:15,push,,,,,,
U0093,2,Ecommerce Social Engagers,paid,D18,5,TPL_0257,06:15,push,TPL_0256,09:00,push,TPL_0255,08:30,push,TPL_0260,09:45,push,,,,,,
U0093,2,Ecommerce Social Engagers,paid,D19,6,TPL_0259,07:45,push,TPL_0255,11:00,push,TPL_0260,08:45,push,TPL_0254,09:15,push,,,,,,
U0094,3,Ecommerce Segment 3,churned,D29,0,TPL_0306,14:45,push,TPL_0304,10:45,push,TPL_0310,13:00,push,TPL_0307,11:00,push,TPL_0308,12:30,push,TPL_0301,11:15,push
U0094,3,Ecommerce Segment 3,churned,D30,1,TPL_0306,12:15,push,TPL_0303,09:00,push,TPL_0305,14:30,push,TPL_0308,09:15,push,TPL_0310,12:30,push,TPL_0302,10:00,push
U0094,3,Ecommerce Segment 3,churned,D31,2,TPL_0302,12:00,push,TPL_0310,10:15,push,TPL_0303,12:30,push,TPL_0308,11:15,push,TPL_0309,13:30,push,TPL_0304,09:00,push
U0094,3,Ecommerce Segment 3,churned,D32,3,TPL_0304,13:30,push,TPL_0306,10:45,push,TPL_0309,12:45,push,TPL_0305,11:00,push,TPL_0307,13:45,push,TPL_0310,09:00,push
U0094,3,Ecommerce Segment 3,churned,D33,4,TPL_0310,14:30,push,TPL_0302,10:45,push,TPL_0305,14:15,push,TPL_0309,11:15,push,TPL_0301,14:00,push,TPL_0306,09:00,push
U0094,3,Ecommerce Segment 3,churned,D34,5,TPL_0304,13:30,push,TPL_0309,10:30,push,TPL_0306,13:30,push,TPL_0310,09:45,push,TPL_0302,14:45,push,TPL_0307,10:15,push
U0094,3,Ecommerce Segment 3,churned,D35,6,TPL_0302,14:15,push,TPL_0303,11:30,push,TPL_0310,12:00,push,TPL_0304,09:00,push,TPL_0301,13:00,push,TPL_0308,11:15,push
U0095,3,Ecommerce Segment 3,paid,D67,0,TPL_0351,14:45,push,TPL_0354,10:00,push,TPL_0357,13:30,push,TPL_0360,11:15,push,TPL_0359,12:15,push,TPL_0352,11:30,push
U0095,3,Ecommerce Segment 3,paid,D68,1,TPL_0358,13:00,push,TPL_0360,10:30,push,TPL_0354,14:30,push,TPL_0353,09:00,push,TPL_0359,14:30,push,TPL_0352,10:45,push
U0095,3,Ecommerce Segment 3,paid,D69,2,TPL_0359,14:00,push,TPL_0351,09:15,push,TPL_0353,13:30,push,TPL_0356,11:45,push,TPL_0358,13:00,push,TPL_0355,11:15,push
U0095,3,Ecommerce Segment 3,paid,D70,3,TPL_0356,13:15,push,TPL_0358,11:45,push,TPL_0360,14:30,push,TPL_0354,10:45,push,TPL_0352,14:00,push,TPL_0353,11:30,push
U0095,3,Ecommerce Segment 3,paid,D71,4,TPL_0356,14:30,push,TPL_0357,11:00,push,TPL_0353,12:30,push,TPL_0354,10:00,push,TPL_0359,12:30,push,TPL_0355,09:30,push
U0095,3,Ecommerce Segment 3,paid,D72,5,TPL_0358,13:15,push,TPL_0360,11:45,push,TPL_0353,12:00,push,TPL_0356,10:30,push,TPL_0354,14:00,push,TPL_0357,10:45,push
U0095,3,Ecommerce Segment 3,paid,D73,6,TPL_0356,12:45,push,TPL_0352,09:30,push,TPL_0358,13:30,push,TPL_0360,09:30,push,TPL_0357,12:00,push,TPL_0359,10:00,push
U0096,0,Ecommerce Needs Attention,paid,D17,0,TPL_0052,15:00,push,TPL_0057,19:00,push,TPL_0053,16:15,push,TPL_0059,18:30,push,,,,,,
U0096,0,Ecommerce Needs Attention,paid,D18,1,TPL_0060,16:30,push,TPL_0053,19:15,push,TPL_0051,15:15,push,TPL_0052,18:00,push,,,,,,
U0096,0,Ecommerce Needs Attention,paid,D19,2,TPL_0053,16:45,push,TPL_0051,20:00,push,TPL_0054,15:30,push,TPL_0060,18:00,push,,,,,,
U0096,0,Ecommerce Needs Attention,paid,D20,3,TPL_0057,16:45,push,TPL_0051,18:00,push,TPL_0054,17:30,push,TPL_0060,18:30,push,,,,,,
U0096,0,Ecommerce Needs Attention,paid,D21,4,TPL_0060,17:15,push,TPL_0056,19:15,push,TPL_0054,15:30,push,TPL_0052,19:30,push,,,,,,
U0096,0,Ecommerce Needs Attention,paid,D22,5,TPL_0057,16:00,push,TPL_0059,19:15,push,TPL_0056,15:30,push,TPL_0051,18:00,push,,,,,,
U0096,0,Ecommerce Needs Attention,paid,D23,6,TPL_0054,17:00,push,TPL_0053,18:30,push,TPL_0057,17:30,push,TPL_0059,19:15,push,,,,,,
U0097,5,Ecommerce Social Engagers,paid,D61,0,TPL_0556,14:30,push,TPL_0551,20:15,push,TPL_0560,12:00,push,TPL_0557,19:30,push,TPL_0554,14:45,push,TPL_0559,18:15,push
U0097,5,Ecommerce Social Engagers,paid,D62,1,TPL_0552,12:45,push,TPL_0551,20:00,push,TPL_0558,12:45,push,TPL_0559,18:00,push,TPL_0556,13:45,push,TPL_0557,18:45,push
U0097,5,Ecommerce Social Engagers,paid,D63,2,TPL_0551,14:30,push,TPL_0552,19:30,push,TPL_0557,12:00,push,TPL_0556,19:15,push,TPL_0559,12:45,push,TPL_0553,18:45,push
U0097,5,Ecommerce Social Engagers,paid,D64,3,TPL_0556,13:45,push,TPL_0552,19:15,push,TPL_0557,12:15,push,TPL_0559,20:30,push,TPL_0551,13:45,push,TPL_0555,18:30,push
U0097,5,Ecommerce Social Engagers,paid,D65,4,TPL_0556,13:45,push,TPL_0553,19:00,push,TPL_0560,12:45,push,TPL_0557,18:30,push,TPL_0559,13:45,push,TPL_0552,18:30,push
U0097,5,Ecommerce Social Engagers,paid,D66,5,TPL_0555,13:15,push,TPL_0552,20:00,push,TPL_0560,13:00,push,TPL_0558,19:00,push,TPL_0551,13:45,push,TPL_0554,19:45,push
U0097,5,Ecommerce Social Engagers,paid,D67,6,TPL_0554,12:15,push,TPL_0558,20:15,push,TPL_0555,13:45,push,TPL_0556,18:30,push,TPL_0552,12:45,push,TPL_0559,19:30,push
U0098,0,Ecommerce Needs Attention,trial,D36,0,TPL_0070,17:15,push,TPL_0067,18:00,push,TPL_0065,17:45,push,TPL_0069,18:45,push,,,,,,
U0098,0,Ecommerce Needs Attention,trial,D37,1,TPL_0094,16:00,push,TPL_0099,19:15,push,TPL_0100,16:45,push,TPL_0095,18:00,push,,,,,,
U0098,0,Ecommerce Needs Attention,trial,D38,2,TPL_0098,17:45,push,TPL_0093,19:45,push,TPL_0096,17:00,push,TPL_0092,18:15,push,,,,,,
U0098,0,Ecommerce Needs Attention,trial,D39,3,TPL_0081,15:00,push,TPL_0082,18:15,push,TPL_0085,16:30,push,TPL_0090,19:45,push,,,,,,
U0098,0,Ecommerce Needs Attention,trial,D40,4,TPL_0081,15:15,push,TPL_0086,20:30,push,TPL_0088,16:30,push,TPL_0084,19:30,push,,,,,,
U0098,0,Ecommerce Needs Attention,trial,D41,5,TPL_0082,15:00,push,TPL_0089,20:45,push,TPL_0088,15:30,push,TPL_0083,18:30,push,,,,,,
U0098,0,Ecommerce Needs Attention,trial,D42,6,TPL_0076,17:00,push,TPL_0080,18:30,push,TPL_0072,15:30,push,TPL_0075,18:15,push,,,,,,
U0099,5,Ecommerce Social Engagers,trial,D24,0,TPL_0562,13:45,push,TPL_0565,20:30,push,TPL_0570,14:45,push,TPL_0561,19:45,push,TPL_0566,13:15,push,TPL_0568,20:15,push
U0099,5,Ecommerce Social Engagers,trial,D25,1,TPL_0598,13:15,push,TPL_0600,18:45,push,TPL_0594,13:45,push,TPL_0591,18:30,push,TPL_0597,14:15,push,TPL_0595,18:00,push
U0099,5,Ecommerce Social Engagers,trial,D26,2,TPL_0596,12:00,push,TPL_0595,18:45,push,TPL_0594,14:45,push,TPL_0591,18:00,push,TPL_0598,12:45,push,TPL_0592,19:45,push
U0099,5,Ecommerce Social Engagers,trial,D27,3,TPL_0585,14:15,push,TPL_0590,19:45,push,TPL_0581,14:45,push,TPL_0588,19:30,push,TPL_0584,12:15,push,TPL_0583,19:00,push
U0099,5,Ecommerce Social Engagers,trial,D28,4,TPL_0585,14:45,push,TPL_0583,20:15,push,TPL_0590,14:30,push,TPL_0589,19:30,push,TPL_0581,12:00,push,TPL_0584,20:45,push
U0099,5,Ecommerce Social Engagers,trial,D29,5,TPL_0590,14:30,push,TPL_0582,18:45,push,TPL_0586,14:00,push,TPL_0583,18:30,push,TPL_0589,13:00,push,TPL_0584,20:00,push
U0099,5,Ecommerce Social Engagers,trial,D30,6,TPL_0578,12:45,push,TPL_0577,20:00,push,TPL_0574,14:30,push,TPL_0575,20:00,push,TPL_0576,13:00,push,TPL_0571,19:45,push
